/*
 Navicat Premium Data Transfer

 Source Server         : local
 Source Server Type    : MySQL
 Source Server Version : 100424
 Source Host           : localhost:3306
 Source Schema         : geo_bus

 Target Server Type    : MySQL
 Target Server Version : 100424
 File Encoding         : 65001

 Date: 08/12/2025 09:45:20
*/

SET NAMES utf8mb4;
SET FOREIGN_KEY_CHECKS = 0;

-- ----------------------------
-- Table structure for loai_tram
-- ----------------------------
DROP TABLE IF EXISTS `loai_tram`;
CREATE TABLE `loai_tram`  (
  `MaLoai` varchar(10) CHARACTER SET utf8mb4 COLLATE utf8mb4_general_ci NOT NULL,
  `TenLoai` varchar(50) CHARACTER SET utf8mb4 COLLATE utf8mb4_general_ci NULL DEFAULT NULL,
  PRIMARY KEY (`MaLoai`) USING BTREE
) ENGINE = InnoDB CHARACTER SET = utf8mb4 COLLATE = utf8mb4_general_ci ROW_FORMAT = DYNAMIC;

-- ----------------------------
-- Records of loai_tram
-- ----------------------------
INSERT INTO `loai_tram` VALUES ('1', 'Bến xe');
INSERT INTO `loai_tram` VALUES ('2', 'Điểm dừng');

-- ----------------------------
-- Table structure for thanh_pho
-- ----------------------------
DROP TABLE IF EXISTS `thanh_pho`;
CREATE TABLE `thanh_pho`  (
  `MaTP` varchar(10) CHARACTER SET utf8mb4 COLLATE utf8mb4_general_ci NOT NULL,
  `TenTP` varchar(50) CHARACTER SET utf8mb4 COLLATE utf8mb4_general_ci NULL DEFAULT NULL,
  PRIMARY KEY (`MaTP`) USING BTREE
) ENGINE = InnoDB CHARACTER SET = utf8mb4 COLLATE = utf8mb4_general_ci ROW_FORMAT = DYNAMIC;

-- ----------------------------
-- Records of thanh_pho
-- ----------------------------
INSERT INTO `thanh_pho` VALUES ('92', 'Thành phố Cần Thơ');

-- ----------------------------
-- Table structure for tram_dung
-- ----------------------------
DROP TABLE IF EXISTS `tram_dung`;
CREATE TABLE `tram_dung`  (
  `MaTram` varchar(10) CHARACTER SET utf8mb4 COLLATE utf8mb4_general_ci NOT NULL,
  `MaLoai` varchar(10) CHARACTER SET utf8mb4 COLLATE utf8mb4_general_ci NULL DEFAULT NULL,
  `MaXa` varchar(10) CHARACTER SET utf8mb4 COLLATE utf8mb4_general_ci NULL DEFAULT NULL,
  `TenTram` varchar(50) CHARACTER SET utf8mb4 COLLATE utf8mb4_general_ci NULL DEFAULT NULL,
  `KinhDo` double NULL DEFAULT NULL,
  `ViDo` double NULL DEFAULT NULL,
  `DiaChi` varchar(255) CHARACTER SET utf8mb4 COLLATE utf8mb4_general_ci NULL DEFAULT NULL,
  `CreatedAt` datetime NULL DEFAULT current_timestamp,
  PRIMARY KEY (`MaTram`) USING BTREE
) ENGINE = InnoDB CHARACTER SET = utf8mb4 COLLATE = utf8mb4_general_ci ROW_FORMAT = DYNAMIC;

-- ----------------------------
-- Records of tram_dung
-- ----------------------------
INSERT INTO `tram_dung` VALUES ('07_001', '1', NULL, 'Bến xe khách Vĩnh Châu', 105.97754105291094, 9.324051420839666, NULL, '2025-12-08 07:56:49');
INSERT INTO `tram_dung` VALUES ('07_002', '1', NULL, 'Bến xe khách Trà Men', 105.96415364294015, 9.619229631031162, NULL, '2025-12-08 07:56:49');
INSERT INTO `tram_dung` VALUES ('11_001', '1', NULL, 'Bến xe khách 36 Nguyễn Văn Linh', 105.76214343309402, 10.023629842349779, NULL, '2025-12-05 16:32:38');
INSERT INTO `tram_dung` VALUES ('11_002', '1', NULL, 'Bến xe khách Đại Ngãi', 106.05945289134979, 9.732582018129975, NULL, '2025-12-05 16:32:38');
INSERT INTO `tram_dung` VALUES ('11_003', '2', NULL, 'Cầu IC3', 105.78079978186247, 10.013465549139177, NULL, '2025-12-05 16:32:38');
INSERT INTO `tram_dung` VALUES ('11_004', '2', NULL, 'Cầu Hưng Lợi', 105.77032196430021, 10.018862330217404, NULL, '2025-12-05 16:32:38');
INSERT INTO `tram_dung` VALUES ('11_005', '2', NULL, '30/4 345 - 347', 105.76958086064005, 10.020459599262947, NULL, '2025-12-05 16:32:38');
INSERT INTO `tram_dung` VALUES ('11_006', '2', NULL, '30/4 311', 105.77166047438826, 10.022277144107493, NULL, '2025-12-05 16:32:38');
INSERT INTO `tram_dung` VALUES ('11_007', '2', NULL, '30/4 209', 105.7746797339691, 10.024880075492574, NULL, '2025-12-05 16:32:38');
INSERT INTO `tram_dung` VALUES ('11_008', '2', NULL, '30/4 207', 105.77595419823017, 10.026022765924278, NULL, '2025-12-05 16:32:38');
INSERT INTO `tram_dung` VALUES ('11_009', '2', NULL, '30/4 139', 105.77789976780302, 10.02764042179078, NULL, '2025-12-05 16:32:38');
INSERT INTO `tram_dung` VALUES ('11_010', '2', NULL, '30/4 184', 105.77779553995795, 10.027861495914072, NULL, '2025-12-05 16:32:38');
INSERT INTO `tram_dung` VALUES ('11_011', '2', NULL, '30/4 Trường MN Bông Sen', 105.7757039122205, 10.026182418219168, NULL, '2025-12-05 16:32:38');
INSERT INTO `tram_dung` VALUES ('11_012', '2', NULL, '30/4 Sở LĐ TB-XH', 105.77441756500151, 10.025052707737323, NULL, '2025-12-05 16:32:38');
INSERT INTO `tram_dung` VALUES ('11_013', '2', NULL, '30/4 Nhà Máy Nước Cần Thơ', 105.77310945395384, 10.023897462063251, NULL, '2025-12-05 16:32:38');
INSERT INTO `tram_dung` VALUES ('11_014', '2', NULL, '30/4 Chi Cục Bảo Vệ Thực Vật', 105.77236024643041, 10.023250207839352, NULL, '2025-12-05 16:32:38');
INSERT INTO `tram_dung` VALUES ('11_015', '2', NULL, '30/4 352 - 362', 105.7710737864679, 10.022142399676806, NULL, '2025-12-05 16:32:38');
INSERT INTO `tram_dung` VALUES ('11_016', '2', NULL, '30/4 trạm', 105.7698449907191, 10.021040663701768, NULL, '2025-12-05 16:32:38');
INSERT INTO `tram_dung` VALUES ('11_017', '2', NULL, 'Nguyễn Văn Linh - Quán Cây Dừa', 105.76690169103405, 10.020575876987888, NULL, '2025-12-05 16:32:38');
INSERT INTO `tram_dung` VALUES ('11_018', '2', NULL, 'Nguyễn Văn Linh - 10', 105.76399687752931, 10.022107117814842, NULL, '2025-12-05 16:32:38');
INSERT INTO `tram_dung` VALUES ('11_019', '2', NULL, 'Nguyễn Văn Linh - 30', 105.76263360714205, 10.023092911434023, NULL, '2025-12-05 16:32:38');

-- ----------------------------
-- Table structure for tuyen_bus
-- ----------------------------
DROP TABLE IF EXISTS `tuyen_bus`;
CREATE TABLE `tuyen_bus`  (
  `MaTuyen` varchar(10) CHARACTER SET utf8mb4 COLLATE utf8mb4_general_ci NOT NULL,
  `TenTuyen` varchar(60) CHARACTER SET utf8mb4 COLLATE utf8mb4_general_ci NULL DEFAULT NULL,
  `DoDai` float NULL DEFAULT NULL,
  `GiaVe` int NULL DEFAULT NULL,
  `ThoiGianToanTuyen` int NULL DEFAULT NULL,
  `GioBatDay` timestamp NULL DEFAULT NULL,
  `GioKetThuc` timestamp NULL DEFAULT NULL,
  `ThoiGianGiua2Tuyen` int NULL DEFAULT NULL,
  `SoChuyen` int NULL DEFAULT NULL,
  `Path` geometry NULL,
  `Path_Nguoc` geometry NULL,
  PRIMARY KEY (`MaTuyen`) USING BTREE
) ENGINE = InnoDB CHARACTER SET = utf8mb4 COLLATE = utf8mb4_general_ci ROW_FORMAT = DYNAMIC;

-- ----------------------------
-- Records of tuyen_bus
-- ----------------------------
INSERT INTO `tuyen_bus` VALUES ('07', 'BX Trà Men - Vĩnh Châu', NULL, NULL, NULL, NULL, NULL, NULL, NULL, ST_GeomFromText('LINESTRING(105.963637015479 9.61924597248209, 105.96331291471 9.6197677731588, 105.96324751535 9.61984457231259, 105.962260914896 9.62100357224559, 105.962042214778 9.62128377247291, 105.961408315196 9.62208207236499, 105.960337814878 9.62353257275107, 105.960063515137 9.62387667195198, 105.959919914447 9.62404677206986, 105.959864014581 9.62410937231678, 105.959825014625 9.62414877232224, 105.958665714473 9.62565617228301, 105.95795341515 9.62654927244215, 105.957164914823 9.62753807196506, 105.95626741459 9.62868257167365, 105.956210214689 9.62863637138665, 105.957118814763 9.6274982722736, 105.957910614821 9.62650037243164, 105.958617415001 9.62560957175716, 105.959778214803 9.62410747206182, 105.959813714441 9.62406417247708, 105.959861914591 9.62401447247031, 105.959986414501 9.62387727196554, 105.960269114543 9.62350537258459, 105.961355515175 9.62204567283832, 105.961987914772 9.62125247280667, 105.962181414804 9.62100397249049, 105.962231914905 9.62094367302814, 105.962617714907 9.62048347283508, 105.963250815414 9.61972817292994, 105.963585515541 9.6191812725438, 105.963772214774 9.61884867291044, 105.963922415382 9.61855117269503, 105.964030415072 9.61826817245685, 105.964063415641 9.61818167325564, 105.964055615514 9.61813677316416, 105.964057315457 9.61811727316616, 105.964060915454 9.61809807261187, 105.964066315421 9.61807927290374, 105.964073515493 9.61806097259702, 105.964082315638 9.61804347305187, 105.964102915122 9.61801237327285, 105.964131315161 9.61798507322422, 105.964163914901 9.61796277306614, 105.964200115061 9.61794697273123, 105.964219215295 9.61794157262965, 105.964238715224 9.61793797311443, 105.964278215353 9.61793617316509, 105.964297914891 9.61793797313491, 105.96432111496 9.61794317263297, 105.964336515147 9.61794707245667, 105.964357615353 9.61795577304252, 105.964462815057 9.61796607309897, 105.964483315366 9.61796647321688, 105.964500115657 9.61796217296081, 105.964538315164 9.61794667280322, 105.964585215332 9.61791757294211, 105.964642915017 9.61786597252733, 105.96467251539 9.61782567325085, 105.965262515177 9.6170223726387, 105.965506115199 9.6167184728395, 105.965739614866 9.61645687313169, 105.96647861549 9.61562887285409, 105.967023415519 9.61494457341402, 105.967432715662 9.61439867283947, 105.967741015859 9.6140378736391, 105.96808741563 9.61363887348743, 105.968596215027 9.61295127326303, 105.968853715521 9.61262847321192, 105.969071615569 9.61235287330618, 105.969436615522 9.61187457372272, 105.969698415805 9.61153207334483, 105.96978741548 9.61144927342799, 105.970254715573 9.61084527346915, 105.970859515984 9.61016027386282, 105.97109911569 9.60990577389155, 105.971308915535 9.60974477389013, 105.97143091571 9.60970037336635, 105.971449815334 9.60966697346791, 105.971461315364 9.60965147373253, 105.971488315339 9.60962397340278, 105.971519915526 9.60960187378563, 105.971555115621 9.60958587336561, 105.97158091572 9.60957747362705, 105.971600415471 9.60957547411657, 105.971619715613 9.6095740734434, 105.971639015377 9.60957437352936, 105.97165831595 9.60957657329202, 105.971677315489 9.60958047331973, 105.971695915459 9.6095859733831, 105.971713915701 9.60959327357865, 105.971731115363 9.60960207399321, 105.971747415273 9.60961247331763, 105.971762715852 9.60962427367281, 105.971776815747 9.60963747352527, 105.971789615239 9.60965177372806, 105.971808315269 9.60968017377572, 105.971817515826 9.609696973516, 105.971824616052 9.60971487379443, 105.97183001585 9.60973317332716, 105.971833616053 9.60975197351764, 105.97183551569 9.60977107350315, 105.97183561581 9.60979007377189, 105.97183391578 9.60980917414824, 105.971830415954 9.60982797408056, 105.97182521564 9.60984647343339, 105.971818215889 9.60986427359893, 105.971809715671 9.60988147362884, 105.971799515957 9.60989777360731, 105.971787915579 9.60991317403067, 105.971767215536 9.60993857351935, 105.971891015726 9.60994197338576, 105.972098115974 9.60992447333284, 105.974428215263 9.60974667389224, 105.974960615185 9.60969837422641, 105.975804315554 9.60959937416163, 105.975889215824 9.60959007450135, 105.97623391551 9.6095530738806, 105.976247715032 9.60955137400906, 105.977204015623 9.60943567444142, 105.977259015825 9.60941577444041, 105.977307315058 9.6093880742968, 105.977092715354 9.60894947439365, 105.97706811547 9.60890267463216, 105.976738315182 9.60827427463024, 105.976472715968 9.60777437436744, 105.976255215372 9.60734657459156, 105.975894315633 9.60754937394583, 105.975775015559 9.60761667419814, 105.975700315629 9.60765497394883, 105.975183515612 9.60793377428527, 105.975116615809 9.60796987418345, 105.97391211559 9.60858387423825, 105.973855815225 9.60861427390566, 105.973070715791 9.60901887358255, 105.972926215824 9.60857417388899, 105.972757015897 9.60806167369459, 105.972714715899 9.60773487373014, 105.972629015394 9.60716057351923, 105.972602315567 9.60698457368766, 105.972577916077 9.6068235737417, 105.972576216111 9.60681247365668, 105.972550016052 9.606640073571, 105.972523816163 9.60646777384399, 105.972486315438 9.60620877430678, 105.97243101557 9.60582647363448, 105.972423516049 9.60572687414148, 105.972413815592 9.60560047418381, 105.972395316325 9.60535137383564, 105.972363215567 9.60483987410496, 105.972326116339 9.60410517382615, 105.972225315892 9.60327637395978, 105.972215516546 9.6031139742315, 105.972731516097 9.60308497430147, 105.973302416343 9.6029676741942, 105.973427815754 9.60294427430134, 105.973531416307 9.60292617374814, 105.97387681585 9.60286567430453, 105.973794516346 9.60258917437096, 105.973754815771 9.6024165740215, 105.973743915798 9.60241717394736, 105.973732916459 9.60241707417471, 105.973722016223 9.60241617406802, 105.973711216142 9.60241457398964, 105.973700516216 9.60241227393963, 105.973690016522 9.60240917432131, 105.973679716288 9.60240537459546, 105.973669816085 9.60240097394711, 105.973660116115 9.60239577373055, 105.973650916394 9.6023899742628, 105.973642115793 9.6023835738739, 105.973633716136 9.60237657436977, 105.97362591617 9.60236907403392, 105.973618616454 9.60236097444696, 105.973611916568 9.60235247439196, 105.973605816375 9.6023434744095, 105.973600416369 9.60233417418553, 105.973595616055 9.60232437403415, 105.973591516068 9.60231437400497, 105.973586516035 9.60229787416339, 105.973583715771 9.60228827381066, 105.973581615972 9.60227857394379, 105.97358011642 9.60226877379584, 105.973579316284 9.6022587737714, 105.973579215978 9.60224887405724, 105.97357971606 9.6022389744256, 105.973580915833 9.60222907383645, 105.973582816349 9.60221927446047, 105.973585316617 9.60220967408719, 105.973588515805 9.60220017402538, 105.973592315797 9.60219097423283, 105.973596716591 9.60218207380528, 105.973601716229 9.60217337418995, 105.973607315898 9.6021650743045, 105.973613416292 9.6021571742848, 105.973620115806 9.60214967399613, 105.973627215969 9.60214267407396, 105.973634815946 9.60213607401867, 105.9736428158 9.60213007379054, 105.973651216303 9.6021245739288, 105.973662615805 9.6021182742849, 105.973664516285 9.60198847413388, 105.973655116009 9.60193537374077, 105.973638416493 9.60188827442459, 105.973612416594 9.60183897440621, 105.973498816506 9.60162547425278, 105.9734626163 9.60155637400548, 105.97329321596 9.60121087401295, 105.973186415844 9.60101797428051, 105.973147216473 9.6009310739092, 105.973068316379 9.60077147396145, 105.973058215921 9.6007684741392, 105.973050916459 9.60076577429237, 105.973043716518 9.60076257429853, 105.97303681667 9.60075897424738, 105.973030016621 9.60075507387232, 105.973023516527 9.60075067398052, 105.973017316665 9.60074597439511, 105.973011416122 9.60074097421317, 105.973005716368 9.60073557410968, 105.97300041615 9.60072987417691, 105.97299551638 9.60072387441366, 105.972990915929 9.60071757405391, 105.972986715926 9.6007109738637, 105.972982916649 9.60070427457031, 105.972979515997 9.60069727454478, 105.972976616146 9.60069007401132, 105.972974015894 9.60068277451294, 105.972971916443 9.60067527450665, 105.972970316249 9.60066777381809, 105.972969116643 9.60066007456696, 105.972968316076 9.60065237386636, 105.972968016589 9.60064467428934, 105.972968216499 9.60063707439373, 105.972968816082 9.60062927412845, 105.972969916112 9.600621673907, 105.972971516309 9.6006140739062, 105.972973416382 9.60060657385947, 105.972915216245 9.60047767409464, 105.972542516307 9.59975457423723, 105.972336916221 9.5993155740099, 105.971987716324 9.59864557449951, 105.971679716948 9.59804127393373, 105.971417516347 9.59749257373963, 105.97103851712 9.59677297416474, 105.971004817068 9.59670857373297, 105.970910117112 9.5964896741686, 105.970611317167 9.59594237381704, 105.970529917054 9.59579677413373, 105.970307416734 9.59542307437003, 105.970294616622 9.59542637392501, 105.970285216984 9.59542737405428, 105.970275717215 9.59542777394422, 105.970266316971 9.59542767368751, 105.970256916674 9.5954268745, 105.970247516459 9.59542547403287, 105.970238216681 9.59542357432207, 105.970229117278 9.59542097450411, 105.970220216703 9.59541787440473, 105.970211516641 9.5954141745619, 105.97020301723 9.59540997443524, 105.970194916938 9.59540517429552, 105.970187616707 9.59539917412743, 105.970179617265 9.59539417402675, 105.970172517187 9.59538797376291, 105.970165816505 9.59538137421357, 105.970159617116 9.59537427397228, 105.970153916564 9.59536687377022, 105.97014861723 9.59535907428026, 105.970143916945 9.59535097378934, 105.970139716409 9.59534257424069, 105.970136116744 9.59533387368863, 105.970133116406 9.59532507376736, 105.970130616865 9.59531607424669, 105.970128716511 9.59530687408889, 105.970127516747 9.59529767388415, 105.970126816868 9.59528827408128, 105.970126716728 9.59527907419205, 105.970127317039 9.59526977389215, 105.970127516417 9.59525777425689, 105.970130216888 9.59525127406191, 105.970131916763 9.5952445744975, 105.970133916507 9.59523797398568, 105.970136317247 9.59523147419759, 105.970138916731 9.59522507450357, 105.970141917209 9.59521877372485, 105.97014511657 9.5952126743081, 105.970148416919 9.59520647439032, 105.970153916407 9.5951988745297, 105.970159616599 9.59519147422017, 105.970165816455 9.59518437432389, 105.970172517158 9.59517777375868, 105.970179616538 9.59517157410774, 105.970187017111 9.59516577369498, 105.97019491685 9.59516057388364, 105.970203016657 9.59515577435192, 105.970211517237 9.59515157374676, 105.970220217112 9.59514787378618, 105.970229116421 9.59514477392969, 105.970238216848 9.59514217381107, 105.970247516846 9.59514027416023, 105.970256916837 9.59513887438456, 105.970266316743 9.59513807407967, 105.970275716704 9.59513797451346, 105.97028691696 9.59513727393542, 105.970292516863 9.59513907378511, 105.970298216652 9.59513997384057, 105.970304016931 9.5951410744873, 105.970309617057 9.59514237432521, 105.970315216547 9.59514387398753, 105.970320817225 9.59514557437595, 105.970326216838 9.59514747395682, 105.970332216496 9.59514847396837, 105.970607917198 9.59500937389047, 105.970627517035 9.5950012738377, 105.971510017034 9.59463807439529, 105.971887816894 9.59443917385908, 105.972109116791 9.59435357470342, 105.973257616485 9.59383137455441, 105.973900016806 9.59350247449149, 105.974513116923 9.59322197434527, 105.975005316964 9.59319567436265, 105.974660716494 9.59336367485102, 105.974659716506 9.59336587428037, 105.974656817279 9.5933695745369, 105.974653716575 9.59337317470567, 105.974650416986 9.59337657441926, 105.974647017045 9.59337987481061, 105.974643516612 9.59338297461196, 105.974639816522 9.59338597432301, 105.974635916639 9.59338877448425, 105.974632016478 9.59339137482233, 105.974627916521 9.59339377470638, 105.974623717123 9.59339607436284, 105.974619417094 9.5933980748739, 105.974615016711 9.59339997425437, 105.974610616962 9.59340167471458, 105.974606017278 9.59340307435709, 105.974601416545 9.59340437454132, 105.974596817216 9.59340537453614, 105.974592116624 9.59340627430582, 105.974587416525 9.59340687479152, 105.974582616845 9.5934072746859, 105.974577917101 9.59340747461971, 105.974573217079 9.59340747473033, 105.974568416425 9.59340717479135, 105.974563716757 9.59340677435008, 105.974562116425 9.59340637418312, 105.974559016672 9.59340607462606, 105.974554317219 9.59340517417341, 105.974549616579 9.59340407480296, 105.974545117136 9.59340287479293, 105.974540517063 9.59340137473331, 105.974536117139 9.59339967457586, 105.974531716937 9.5933977745952, 105.974527516884 9.5933956745167, 105.974523316554 9.59339337461499, 105.97451921707 9.59339087475153, 105.974515316962 9.59338827425101, 105.974511516652 9.59338537433049, 105.974507816417 9.59338237481314, 105.974504216394 9.59337937425428, 105.974500916457 9.59337597454137, 105.974497716595 9.59337247432746, 105.974494616807 9.59336887451671, 105.974491716397 9.59336517497317, 105.974489017046 9.59336127442641, 105.974486517073 9.59335727414681, 105.974484117175 9.59335317427042, 105.974482016868 9.59334897452391, 105.974480016635 9.59334467427644, 105.974478216831 9.59334037465857, 105.974476716478 9.59333587480693, 105.97447531725 9.59333137481675, 105.97447421684 9.5933268744172, 105.97447331658 9.59332217482413, 105.974472616886 9.59331757441596, 105.974472116569 9.59331287427501, 105.974471816681 9.59330817476367, 105.974471716446 9.59330357443851, 105.974471916714 9.59329887424202, 105.9744723165 9.59329417467639, 105.97447291685 9.59328957429569, 105.974473716578 9.59328487418218, 105.974474716872 9.59328027415779, 105.974476017037 9.59327577499067, 105.974477416503 9.59327127478333, 105.974479116749 9.59326687452781, 105.974480916436 9.59326257449993, 105.974483016766 9.59325827496437, 105.974485216674 9.59325417421176, 105.974487716453 9.59325017431637, 105.974490316445 9.59324617428371, 105.974493117143 9.59324237470378, 105.974496116584 9.59323867431127, 105.974499216517 9.59323517450877, 105.974502517018 9.59323177479538, 105.974506017311 9.59322857463179, 105.974509617047 9.59322547469577, 105.974513116923 9.59322197434527, 105.974517217157 9.59321977428577, 105.974521216759 9.59321727417665, 105.974525316714 9.59321487429387, 105.974529517161 9.59321267409693, 105.974533817189 9.59321067449122, 105.974538216798 9.59320887457259, 105.974542716897 9.59320727433977, 105.974547316579 9.5932058746982, 105.974551916538 9.59320467487971, 105.974556516775 9.59320367488432, 105.974561216593 9.593202874576, 105.974566017041 9.59320237431715, 105.974570716505 9.59320197456046, 105.9745755166 9.59320187485322, 105.974580216758 9.59320197420223, 105.974584917195 9.59320227427849, 105.974588417245 9.593202174544, 105.97460371731 9.59320557499283, 105.974625716423 9.59321437415557, 105.974644716795 9.59322737462478, 105.975005316964 9.59319567436265, 105.974588417245 9.593202174544, 105.974767917361 9.59207487492312, 105.974865316624 9.59146287446518, 105.974873716659 9.59141337452209, 105.975028516711 9.59048987437817, 105.975092217328 9.590171074779, 105.97516741728 9.58969427490693, 105.97519301729 9.58953217474682, 105.975299517109 9.58891807482279, 105.975408317075 9.58833417490518, 105.975594117157 9.58733717463529, 105.975604217422 9.58728407461075, 105.975705717054 9.58683917502752, 105.975758417708 9.58661377492343, 105.975777217416 9.58649217500003, 105.975799517796 9.5863611749445, 105.975764317199 9.58630567501835, 105.975735417274 9.58622277523684, 105.975708817598 9.58615747485476, 105.975705017233 9.58615317527358, 105.975700917209 9.58614957503411, 105.97569711754 9.58614577455875, 105.975693417806 9.58614177502679, 105.975690017655 9.58613767471977, 105.975686717436 9.58613337445196, 105.975683717575 9.58612887485248, 105.975680917086 9.58612427461548, 105.975678317792 9.58611957464266, 105.975675917732 9.58611467457278, 105.975673917607 9.5861097748582, 105.975672017415 9.58610467518288, 105.975670416946 9.58609957509623, 105.975669116973 9.58609437513748, 105.975668017283 9.58608907453997, 105.975667217318 9.5860837753395, 105.975665517055 9.58607897467305, 105.975666317421 9.58607017500722, 105.975666417398 9.58606477511204, 105.975666817237 9.58605947516923, 105.97566741736 9.58605407458765, 105.975668317486 9.58604887522637, 105.975669517195 9.58604357509005, 105.975671017679 9.58603837490485, 105.975672617602 9.58603327494708, 105.9756746176 9.58602827480418, 105.975676817248 9.58602337475113, 105.97567921746 9.58601857478673, 105.975681917534 9.5860138747747, 105.975684717186 9.58600937444956, 105.975687917825 9.58600497484219, 105.975691216992 9.58600067455926, 105.975695817087 9.58599637520349, 105.975698817859 9.58599237461331, 105.97570271717 9.5859885753261, 105.975706917532 9.58598507490899, 105.975711117263 9.58598177522047, 105.975715616995 9.58597867494377, 105.975720217218 9.58597577525685, 105.975724917158 9.58597317471631, 105.9757298178 9.58597077462804, 105.975734717811 9.58596857526835, 105.975739817611 9.5859665745538, 105.97574501713 9.58596487479397, 105.975750217068 9.58596347522096, 105.975755517495 9.58596227533355, 105.975760917501 9.58596127513295, 105.975766317015 9.58596057512046, 105.975771717857 9.58596017529352, 105.975777217506 9.58596007461419, 105.975782617223 9.58596017479972, 105.975788017219 9.58596047480837, 105.975793417771 9.58596117446337, 105.975798817553 9.5859619744832, 105.975804117681 9.58596317519114, 105.975809417176 9.58596457481926, 105.97581461765 9.58596617531098, 105.975819717418 9.5859680752242, 105.97582381773 9.58597057507593, 105.975867417523 9.58588857489004, 105.975888117061 9.58582807497003, 105.97592321784 9.58578257459597, 105.975946017619 9.58566417448558, 105.976111917377 9.58480417535425, 105.976134317721 9.58468817456698, 105.976192417081 9.58438677524366, 105.976363917508 9.58356137485038, 105.976466517203 9.58306787480854, 105.976586517553 9.58249067536099, 105.976710017853 9.58200307522411, 105.976811317322 9.58144737476151, 105.976826117463 9.58137167551118, 105.976955518079 9.58071147562945, 105.977022318062 9.58037027488544, 105.977190317794 9.57965067511205, 105.977327017914 9.57922327494819, 105.977343317555 9.57912097536972, 105.977372018344 9.578941575628, 105.97746431814 9.57836367528702, 105.977509217937 9.57815417570947, 105.977749617935 9.57695057549202, 105.977790917995 9.57674947523657, 105.977956518229 9.5759421757196, 105.978172217894 9.57483177587541, 105.97818851855 9.57475067564319, 105.97822821782 9.57455367528246, 105.97843711857 9.57357047556352, 105.97858651806 9.57288297563749, 105.978590018418 9.57286697587578, 105.978626217961 9.57270037519309, 105.978795518648 9.57191187529922, 105.978981418423 9.57102127597823, 105.978999318201 9.57094587525773, 105.979151218909 9.57018807530016, 105.979206518332 9.56989147600292, 105.979231118983 9.56977957604731, 105.979556818636 9.56820167567288, 105.979631618673 9.56784607606876, 105.979744219151 9.56731127550538, 105.979806419037 9.5671743754419, 105.979877718366 9.56681137629656, 105.97989051892 9.56674687613417, 105.980012118896 9.56613667616975, 105.980106419351 9.56568717577457, 105.980143218803 9.56548357598011, 105.980323119067 9.56450007616146, 105.980436919471 9.5639479758547, 105.9807778192 9.56231867602154, 105.980968819519 9.56145157635769, 105.981060119365 9.56103677594938, 105.981212219701 9.56034497632291, 105.981345019272 9.55970107606877, 105.98137941975 9.55953947590245, 105.981543119581 9.55876917635595, 105.981597319133 9.55851427625804, 105.981686119007 9.55807947598291, 105.981690719763 9.55805717614886, 105.981738319289 9.55782617631962, 105.981777519071 9.55759457599605, 105.981762019348 9.55759707673911, 105.981736219078 9.55759657631687, 105.981711319412 9.55758937648017, 105.981689119805 9.55757637620294, 105.981671119453 9.55755807613227, 105.981658519261 9.5575359764476, 105.981653019695 9.55751637602295, 105.981651719405 9.55749537643848, 105.981656419154 9.55747027622215, 105.981667619712 9.55744737681369, 105.981684419251 9.55742797605615, 105.981705719193 9.55741337658591, 105.981730119291 9.55740477657263, 105.981751419223 9.55740247665862, 105.981777019225 9.55740567633494, 105.981801019302 9.55741447600444, 105.981804819397 9.5574174762313, 105.98180831986 9.55741987649798, 105.981811819552 9.5574223762255, 105.981815219183 9.55742497645565, 105.9818184196 9.55742777678561, 105.981821519954 9.55743067671402, 105.981824519475 9.55743377660592, 105.981827419845 9.557436976095, 105.98183011995 9.5574402762256, 105.981832619789 9.55744367609357, 105.981835019567 9.55744717646418, 105.981837319282 9.55745077643324, 105.981839419642 9.55745447613841, 105.981841319737 9.55745827648511, 105.98184311977 9.55746217643031, 105.981844619194 9.55746607679219, 105.981846019466 9.55747007675124, 105.981847319675 9.55747417630881, 105.981848319276 9.55747827628305, 105.981849219726 9.55748247675868, 105.981849919628 9.55748657624416, 105.981850219918 9.55749217631798, 105.983629419414 9.55796077674769, 105.984063219337 9.55807507694981, 105.984336319195 9.55814697662922, 105.985743719108 9.55851767652769, 105.986361519584 9.55868037680798, 105.988559219244 9.55923327692365, 105.989240219353 9.55942387648096, 105.989825719284 9.55955427704692, 105.990152419309 9.55964017725996, 105.990367519031 9.55968087742385, 105.990565519276 9.55971187714817, 105.990797119426 9.55969887718673, 105.990838818555 9.55970767743773, 105.990980319375 9.55972397701194, 105.991116319376 9.55972527674558, 105.991209319282 9.55971387743772, 105.991328118733 9.55967127731041, 105.991417519297 9.5596273769141, 105.991504719014 9.55957967753764, 105.991528019438 9.55956787670102, 105.991940318718 9.55933517716244, 105.991966318615 9.55932047729733, 105.992425218809 9.55908057727476, 105.992533918812 9.55902377737599, 105.992705718773 9.55893667759073, 105.993181819325 9.55871017747132, 105.993193519076 9.55870487685158, 105.993657418579 9.55849467767271, 105.994144319135 9.55821157747624, 105.994149118899 9.55820907692906, 105.994272218853 9.55814437703021, 105.994302719295 9.55812827726019, 105.994433218854 9.55805987773685, 105.994456319139 9.55804777771456, 105.994610019255 9.55796737742117, 105.994755419445 9.55789117703014, 105.994804119319 9.55786427712623, 105.994852718837 9.55783727699491, 105.995045118795 9.55774667744681, 105.995175719379 9.5576941774864, 105.995597318719 9.55752487781193, 105.995985119022 9.557332177822, 105.99606721893 9.55728947750194, 105.996521219364 9.55705367794861, 105.996756619419 9.55692817719112, 105.996868619129 9.55687007740464, 105.997030018906 9.55678637749356, 105.997289518669 9.55665177755119, 105.997352919183 9.55661887785335, 105.998627618585 9.55602037773619, 105.999216419247 9.55566817744452, 105.999264418947 9.5556394777327, 105.999479918881 9.55552727802704, 105.999700019146 9.55541027763243, 106.001390019396 9.55448797786248, 106.002071618882 9.55411607818336, 106.002617019048 9.55381307803634, 106.002653819441 9.55379317815074, 106.003459819114 9.5533580784997, 106.003829819364 9.55315837861606, 106.004582318984 9.55275827874574, 106.004784419023 9.5526508784493, 106.00524251943 9.5524074787648, 106.005359118716 9.55234547811331, 106.006030019249 9.55198497832993, 106.006240318932 9.55187297840863, 106.006676618939 9.55164067849606, 106.007696918795 9.55109747846799, 106.007801019529 9.55104417899458, 106.009419919412 9.55021577866388, 106.010204219272 9.54981447867332, 106.010727618994 9.54954497945496, 106.012050318793 9.54886387933135, 106.013076119511 9.54831637943954, 106.013220019164 9.54823957896103, 106.015648719391 9.54695787928618, 106.015662319297 9.54695067907166, 106.016243418915 9.54665057955124, 106.016394119142 9.54657277947187, 106.01692331924 9.54631347996355, 106.016974319421 9.54628847969315, 106.017841318969 9.54587338016028, 106.018595719309 9.54551867983485, 106.019072219608 9.54527627972893, 106.019767619437 9.54485377947184, 106.019838918894 9.54481038016117, 106.020090719598 9.54468737971282, 106.020152819498 9.54465697985602, 106.020631719451 9.54448477974132, 106.021073719507 9.54429407964979, 106.021443918775 9.54405977965742, 106.021839319505 9.54380587968188, 106.021894319392 9.5437705805011, 106.022220219603 9.54356128058877, 106.0227216196 9.54323427991266, 106.022891919324 9.54313147983329, 106.024422819487 9.54222058052977, 106.025447819542 9.5416159802124, 106.02544621885 9.54157418081325, 106.025442718874 9.54154898041099, 106.025433818877 9.54150338092993, 106.025421619352 9.54147008049416, 106.025408119275 9.54143988062786, 106.025386919356 9.54140188030836, 106.025309219164 9.54128258044876, 106.025166319245 9.54104708031218, 106.024992419574 9.54077008090667, 106.024875719706 9.54056838077393, 106.02458471977 9.54007688022978, 106.024207019116 9.53942498083447, 106.024175419297 9.53937048041367, 106.023497019529 9.53819518051781, 106.023197619589 9.53769688001218, 106.022830320127 9.53706048059941, 106.02268042016 9.53681788018043, 106.022610119363 9.53669448070405, 106.022589619643 9.53666188066694, 106.022461919596 9.53645918064512, 106.022375519562 9.53630248005585, 106.022313019933 9.53619657997587, 106.022246320124 9.53608338043959, 106.02212371941 9.53587398081679, 106.022034920013 9.53572538061148, 106.021992819701 9.53565488001603, 106.021902320116 9.53550228043489, 106.021736120181 9.53522228010183, 106.021509719829 9.53482458009344, 106.02148771967 9.5347892805454, 106.021282620024 9.53446018084084, 106.021058719543 9.53407708007394, 106.020728720493 9.53352268062032, 106.020402019751 9.53295858037615, 106.020318320457 9.53281568007824, 106.019862019908 9.53203698023477, 106.019836620341 9.53199358059447, 106.019770220063 9.53188158077178, 106.019532920405 9.53148148037142, 106.019041420775 9.53065048076833, 106.018916920347 9.53044528067088, 106.018740920473 9.53014868073196, 106.018414720574 9.52959878024136, 106.018098520716 9.52906068029206, 106.017750020974 9.52846748041703, 106.017261920765 9.52762157997461, 106.016959821078 9.52706538062052, 106.016813120968 9.52679518049535, 106.016798020826 9.52676668061686, 106.016521820487 9.52624658053776, 106.016383721197 9.52597507989606, 106.016062920768 9.5253676802019, 106.015856421359 9.52496757994498, 106.015797420981 9.52487147994715, 106.015742920669 9.52478417996753, 106.015666021242 9.52466737995934, 106.015611521256 9.52459968070611, 106.015448120664 9.52439898061811, 106.015199120826 9.524141080251, 106.015159620886 9.52410018027183, 106.014508320671 9.52346898064556, 106.014226820721 9.52321478031324, 106.013957821158 9.52297187980405, 106.013077821075 9.52213828031847, 106.011747521757 9.52083698046181, 106.011740621311 9.52083027977501, 106.011465721671 9.52056128035556, 106.010594121213 9.5197132796993, 106.010244621951 9.51937328017466, 106.010231821676 9.51936138001533, 106.009804821259 9.518965980391, 106.009753621495 9.51891858040426, 106.009673221884 9.5188413797508, 106.008915321734 9.51811407977518, 106.007697622068 9.51697528001463, 106.007490822196 9.51679717998918, 106.007108421885 9.5164510799965, 106.006222222364 9.51566148022729, 106.005927722438 9.51541997964416, 106.005787422457 9.51530497970482, 106.005494821818 9.51506507998255, 106.005218721773 9.51482997990774, 106.004994122374 9.51463877985025, 106.004638022201 9.51432427966287, 106.004591722237 9.51427067993459, 106.004553821823 9.51422077971605, 106.004552922467 9.51421928007838, 106.004515822477 9.51415558002034, 106.00445542185 9.51404957995616, 106.004411821848 9.51395948001093, 106.004393522315 9.51389777994428, 106.004380922677 9.51383048019798, 106.004364022222 9.51374457956004, 106.004353421988 9.51365997997546, 106.004352722396 9.51355118019929, 106.004360522004 9.51342087942256, 106.004437021996 9.5122294802329, 106.004485722641 9.51139897999288, 106.004513922587 9.51091578019702, 106.004532422417 9.51066437986847, 106.004639422309 9.50874508018604, 106.004718322436 9.5076446802042, 106.004843223126 9.50574227971261, 106.004973322878 9.5037399804791, 106.005116522882 9.50201688004091, 106.00513142277 9.50183758047459, 106.005160623607 9.50148608001319, 106.005183123303 9.50111998039717, 106.005194223057 9.5009404801611, 106.005216323124 9.50058138036816, 106.005538223748 9.49666528033419, 106.005633523989 9.49528658013181, 106.005732123852 9.49403358049983, 106.005827124022 9.4928613808094, 106.005885123832 9.49216768053465, 106.006079823938 9.48954908051797, 106.006094623849 9.4894026804826, 106.006315524481 9.48665338092449, 106.006380324564 9.48570968100539, 106.006466724091 9.48463538073026, 106.006648324345 9.48244398145224, 106.006688024695 9.4819900814801, 106.006755924733 9.48112218154372, 106.006797024938 9.48057228085809, 106.006884224605 9.47949828113964, 106.006902625084 9.47918318103371, 106.00690972492 9.4790626814621, 106.00694762474 9.47858118118985, 106.007064225123 9.47702548086759, 106.007251725 9.4747191815652, 106.007272625638 9.47444978139434, 106.00731362524 9.47395738114481, 106.007342225625 9.47340308142664, 106.007429525154 9.47230378128811, 106.007488725902 9.47158628140925, 106.007517625295 9.47110308146269, 106.007594126047 9.47007088163013, 106.007642825936 9.46947928147022, 106.007690725527 9.46903178178049, 106.007717825881 9.46865518189666, 106.007731726159 9.4684401818833, 106.007738725747 9.46816108180296, 106.007733325823 9.46788358198346, 106.00773252586 9.46780208206767, 106.007726225527 9.46766988182928, 106.007719726134 9.46755158185358, 106.00771042612 9.46739218185739, 106.00770002564 9.46728588148734, 106.00768692562 9.46716018129611, 106.007659125572 9.46695968138764, 106.007632826267 9.46682238156328, 106.007616625914 9.46672868210843, 106.007589125534 9.46661688192373, 106.00754442604 9.4664766818744, 106.00732562577 9.46571558191704, 106.007314925895 9.46568318158698, 106.007261425856 9.46549028134413, 106.007237026495 9.46538958178425, 106.007214326274 9.46530798149868, 106.007149926214 9.46511128134042, 106.007054226349 9.46487888139655, 106.007052626456 9.46487528145016, 106.007002026555 9.46476578135283, 106.006975326137 9.46471238191045, 106.006861525727 9.46448498194985, 106.006715526361 9.46423088184935, 106.006400826645 9.46374378160967, 106.006327126506 9.46362918168441, 106.005917226054 9.46299148126457, 106.0058399266 9.46286898204903, 106.005743626274 9.46271628159488, 106.005566926648 9.46243598127677, 106.00506622603 9.46164918158566, 106.004854026435 9.4613157813972, 106.004684726074 9.46105008147638, 106.004171726582 9.46025658166244, 106.003458226836 9.4591216817359, 106.002663226635 9.45783488199534, 106.002329627301 9.45718868187382, 106.00228202658 9.45709638140752, 106.001521426745 9.4558628814737, 106.000790626854 9.45465158175053, 106.000554727002 9.45425468160666, 106.000121827568 9.45354838189916, 105.99955572709 9.45262488188983, 105.999521227597 9.45256858135929, 105.99879902782 9.45139468124596, 105.998229427997 9.45046888155107, 105.998044227557 9.45016338186488, 105.997389227579 9.44908278148602, 105.996922028206 9.44833898111034, 105.996295828202 9.44729088180249, 105.996243628192 9.44718398153315, 105.995574328464 9.4461118811706, 105.995305127875 9.44568068095082, 105.9948169278 9.44488218103403, 105.993657228571 9.44296858101721, 105.993434628105 9.4426243811505, 105.993027528222 9.44195188092819, 105.992973628839 9.4418627813019, 105.992805228701 9.44158528170313, 105.992653028607 9.44133448158136, 105.992525528136 9.44112438120668, 105.99246652884 9.44103738090972, 105.99239902861 9.44092198121758, 105.992325629066 9.44078968151712, 105.992252128694 9.44063378091526, 105.992165928608 9.44043668171606, 105.992102128757 9.44027078168626, 105.992067028357 9.44014668173119, 105.992040329032 9.44005248134856, 105.991999828557 9.43986218092643, 105.991991728372 9.43982418124059, 105.991954828389 9.43964788159178, 105.991927628359 9.4394644813731, 105.991904529091 9.43923948111523, 105.991898629073 9.43908788111544, 105.991897028523 9.43891538120452, 105.991906829022 9.43879108099648, 105.991913929136 9.43870118155482, 105.991940928523 9.43852358093078, 105.992214328951 9.43695638129563, 105.992336029258 9.43618118190999, 105.992372228608 9.43595058134528, 105.99253972934 9.43488408170999, 105.992656628759 9.43413978129011, 105.992676329015 9.43401928194695, 105.992792029447 9.4333120818549, 105.992800529377 9.43325138197704, 105.992828029603 9.4330537818139, 105.992903229079 9.43263168173031, 105.992958429398 9.43239018167052, 105.992960429479 9.43238148151622, 105.99298862897 9.43228458123086, 105.993012529087 9.4322213814113, 105.993056029422 9.43209498146066, 105.993074229548 9.4320493814399, 105.993134629594 9.43189788205442, 105.993220729654 9.43172018135752, 105.993327428987 9.43149998131498, 105.993831229172 9.43045988210081, 105.994308929136 9.4294737815444, 105.99444912962 9.42918438212602, 105.994527829877 9.42902208166781, 105.994606429899 9.4288597822392, 105.994685029849 9.42869748189111, 105.994842029977 9.42837278196928, 105.994920529551 9.42821048171625, 105.994999029823 9.42804808198657, 105.9952876296 9.42745108160653, 105.995671429409 9.42669818226065, 105.995753329762 9.42653748198766, 105.995835229275 9.42637688206363, 105.995917229647 9.42621618252061, 105.995999129781 9.42605548219777, 105.996081029843 9.42589478185838, 105.996162929832 9.42573408240654, 105.996244829747 9.42557338203393, 105.996326729591 9.42541268254892, 105.99640312982 9.425261181834, 105.996484429928 9.4251001820684, 105.996646929763 9.42477818262929, 105.997181229765 9.42371938199002, 105.997264630111 9.42355408241753, 105.997313130069 9.42345588190154, 105.997367429611 9.42333868260266, 105.99737143023 9.42333008268036, 105.997423330095 9.42321588232493, 105.997448430147 9.42316048275963, 105.99750053027 9.42305008239984, 105.99756192987 9.42289818219678, 105.997650729953 9.42267528197213, 105.997677829873 9.4226073828318, 105.99771273036 9.42250618240075, 105.997814729935 9.42221078224465, 105.997964730073 9.42175438202644, 105.998076729601 9.42141988248295, 105.998163829689 9.421119982371, 105.998206129741 9.42098928235877, 105.998291130369 9.42075008220191, 105.998388030193 9.42047718251378, 105.998525429897 9.42007258256185, 105.998573930018 9.41992998280935, 105.998844030271 9.41913508273428, 105.998963730049 9.41878298294369, 105.999157429774 9.41818748304278, 105.99916773045 9.41815728225199, 105.99935433055 9.41761108303454, 105.99955442989 9.41700388277142, 105.999993530318 9.41572678306776, 106.00001433081 9.415662582681, 106.00003223059 9.41560748250454, 106.000059230443 9.41552448255807, 106.000490630542 9.41419618292359, 106.000635530671 9.41380628269891, 106.000760830635 9.41346938281652, 106.001155930408 9.41227128326431, 106.001437931021 9.41141608346185, 106.00151503085 9.41118238316477, 106.002000930624 9.40976388345097, 106.002046530922 9.40963088352172, 106.0022714309 9.40897428356882, 106.002808731246 9.40742408302973, 106.002876931145 9.4072240832697, 106.003316531121 9.40593548345816, 106.003389931174 9.40572018372031, 106.004324431675 9.40299258371654, 106.00446253105 9.40258958387691, 106.004660831116 9.40196908401453, 106.004739330923 9.40172338347741, 106.00479143153 9.40156038394834, 106.005089931393 9.40062648400491, 106.005472831962 9.39936938427194, 106.005572731818 9.39905428388982, 106.005895831901 9.39803088357671, 106.006203731347 9.39702208386151, 106.006273531425 9.39679358404605, 106.006509331888 9.39607338385508, 106.006928432233 9.39473438404436, 106.007284531796 9.39358728439333, 106.007455532181 9.39303628454448, 106.0075022319 9.39289068441829, 106.007507331842 9.39287458441325, 106.007557232225 9.39271918465037, 106.007612231588 9.39254768397224, 106.007642331898 9.39244898422841, 106.007804431971 9.3919166847079, 106.007871232238 9.39169718466278, 106.008339732506 9.39021258477061, 106.00858233225 9.38945278477292, 106.008941230987 9.38832898410956, 106.009184431443 9.38757818495486, 106.009784531339 9.38571648442519, 106.010625532198 9.38308608526696, 106.010788731845 9.38258968454208, 106.01113373151 9.38153088488802, 106.01119693197 9.38133708462664, 106.011281732338 9.38105068540481, 106.011307731582 9.38096858491816, 106.011369931821 9.38077268474924, 106.011370631919 9.3807707849492, 106.011517132051 9.38034798521223, 106.011574731936 9.38018158527109, 106.011756632126 9.37965308478545, 106.011837331677 9.37940008473775, 106.011851632471 9.37935298495412, 106.011852932 9.37933828464368, 106.01185913215 9.37929598513736, 106.011862832455 9.37924208493559, 106.011858431895 9.37921518546603, 106.011856632176 9.37920108549504, 106.011851031861 9.37916068466132, 106.011844232124 9.37912998475424, 106.011841132495 9.37910548491841, 106.01183613172 9.37908588489748, 106.011823732136 9.37904428499887, 106.011805131669 9.37898548471181, 106.011778431797 9.3789254854295, 106.011735532447 9.37884648551046, 106.01164613207 9.37868168505759, 106.011490032198 9.37839378483427, 106.010800531846 9.37712248511798, 106.010793832002 9.37711018520613, 106.010454632584 9.37648668528263, 106.010293732677 9.37619108494293, 106.010262732316 9.37613358545338, 106.010143532351 9.37591268478628, 106.009888932324 9.37544098532239, 106.009740732869 9.37516628470843, 106.009639432653 9.37497628482089, 106.009384832718 9.37449868508853, 106.009343232433 9.37442068477307, 106.008775332312 9.37335508460479, 106.008721132955 9.37325168473028, 106.008390832832 9.37262078504433, 106.008242232748 9.3723374854053, 106.008055632314 9.37198188542913, 106.007063432751 9.37009088455876, 106.006927433016 9.36983168534979, 106.00512223324 9.36639138459901, 106.005063832946 9.366279985237, 106.004973533522 9.36610778497885, 106.004865733321 9.36590428497841, 106.004583333803 9.36538468483345, 106.004502133659 9.36523518463977, 106.004353133478 9.36496158451865, 106.004234233692 9.36474328496821, 106.004203533802 9.36468688477615, 106.003962433257 9.36424438494752, 106.003656133973 9.36369678534494, 106.003550233842 9.36350738474365, 106.003297233749 9.36302868494516, 106.003274133533 9.36298498492437, 106.002939433405 9.36238308502982, 106.00262113382 9.36183818495846, 106.002157333554 9.36103798447394, 106.001796734021 9.36041058475935, 106.001562733989 9.3600235845189, 106.00153523437 9.35997748453526, 106.001477633685 9.3598811850361, 106.001385333686 9.35973228465267, 106.001300933642 9.35960958456286, 106.001250033889 9.35954008470395, 106.001189833628 9.35946758522606, 106.00104903376 9.35932018459605, 106.000895734175 9.3591588852054, 106.000685033784 9.35895788523044, 106.000584033821 9.3588568844608, 106.000401034219 9.35867388464876, 105.999788733789 9.35806168515134, 105.999745133896 9.35801808516117, 105.999509034453 9.35778138487866, 105.999123434691 9.35738468446632, 105.998962034555 9.35723958501362, 105.998502234565 9.3567638844151, 105.997917234092 9.35610258439871, 105.9978347341 9.35601298481882, 105.997226934571 9.35535258441983, 105.99703043495 9.3551390843129, 105.996492934155 9.35456018428412, 105.996244134812 9.35428958502601, 105.995732235093 9.35373308441966, 105.995215834578 9.35313438444848, 105.995024835087 9.35291298455242, 105.994731234412 9.35257258444067, 105.992605835299 9.35010478457038, 105.99135013506 9.34866358423228, 105.991028134852 9.34829398476229, 105.99095453575 9.348202484012, 105.990935535705 9.34817888471776, 105.989494835827 9.34651138433815, 105.989375835228 9.34637508441529, 105.98913783536 9.34610258479622, 105.988872235649 9.34579598439744, 105.988395735259 9.34523198425087, 105.987999935574 9.34477238420772, 105.98784393603 9.34459118453315, 105.987572436191 9.34427378424756, 105.986645736266 9.34323578426149, 105.986318936022 9.34286708435087, 105.985976836064 9.34246898448253, 105.985643235991 9.34209708419301, 105.985439235917 9.34185338437037, 105.985101135875 9.34146418434929, 105.984768836565 9.34108158387192, 105.984055535981 9.34025338451301, 105.983921536345 9.3400929845535, 105.983805536468 9.33995428411817, 105.983579436567 9.33968378401087, 105.983111936636 9.33912508376678, 105.982906536271 9.33889788385494, 105.982724036657 9.33870068450335, 105.982470136365 9.33843178378488, 105.982311836868 9.33825408367758, 105.981601736726 9.33743568392163, 105.981435236766 9.33722818420393, 105.981275336127 9.33702528412452, 105.981159636828 9.3368778839752, 105.981073936479 9.33675228392787, 105.981018636966 9.33667338398364, 105.980940936689 9.33653698426503, 105.98092203687 9.33652908369115, 105.98091293669 9.33652358405127, 105.980900936277 9.33651488388053, 105.980892036441 9.33650478434857, 105.980877736902 9.33648378395734, 105.980859336282 9.33645088362679, 105.980824137083 9.3363822841322, 105.980816936355 9.33636648408721, 105.980793736498 9.33630978379259, 105.980727937044 9.33613388370092, 105.980720536813 9.33611598439105, 105.980443536319 9.33544848424927, 105.980267436339 9.33502408406591, 105.980255337065 9.33499698370922, 105.980246636421 9.3349720840846, 105.980230336819 9.33494168367603, 105.980216536808 9.33492108403766, 105.980140436687 9.33485248362892, 105.98013113641 9.33484308445862, 105.980118937123 9.33482138406205, 105.980097936844 9.33477528418895, 105.980064836459 9.33470278379465, 105.979933236966 9.33440138376184, 105.979902736919 9.33434108370967, 105.97985233721 9.33424128377841, 105.979826337197 9.33418308441166, 105.979754736632 9.3340228841456, 105.979695237007 9.33388968387493, 105.979682336486 9.3338630836874, 105.979605736697 9.33370508369355, 105.979545836738 9.33358128390481, 105.979533436967 9.33354538432974, 105.979516237007 9.33349888415565, 105.97948133659 9.33340468371241, 105.979455836514 9.33332918373946, 105.979417136497 9.33320578392736, 105.979406337096 9.33316518400933, 105.979386037236 9.33303258365251, 105.979381536693 9.3328934843699, 105.979385737022 9.33281618389355, 105.979392936902 9.33268288369489, 105.979400236913 9.33254358404935, 105.979425537077 9.33237688393272, 105.979472537074 9.33215418420038, 105.979474337226 9.33214248424734, 105.979539036943 9.33173388417466, 105.97955073694 9.33167278393014, 105.979627037189 9.33118638421366, 105.979782337276 9.33009708412774, 105.979975537096 9.32874248458624, 105.979990037153 9.32864078415031, 105.980095537192 9.32795338470206, 105.980096937 9.32794718457928, 105.980126937269 9.32710528464109, 105.980148537102 9.32698308472716, 105.980193037818 9.32690658431475, 105.980205037896 9.3268014847661, 105.980252037473 9.32638358438871, 105.980278737051 9.32619028460251, 105.9802909372 9.32611368399992, 105.980207137727 9.32609038393149, 105.980084237251 9.32606668449108, 105.979892737574 9.32601868422084, 105.979651337332 9.325954684511, 105.979433637766 9.32590548416818, 105.979214937521 9.32586808383679, 105.979062638005 9.32584898436183, 105.978945037579 9.32584328436895, 105.978793837893 9.32584898437951, 105.978613437408 9.32586658388023, 105.978012537733 9.3259343839019, 105.978033637496 9.32543698391241, 105.978072238102 9.32499028377587, 105.978094737471 9.3248001842369, 105.978098437658 9.3245712839351, 105.97809573806 9.32451208467683, 105.978095537414 9.3242516839394, 105.978096537791 9.32408378405965)'), ST_GeomFromText('LINESTRING(105.978096537791 9.32408378405965, 105.978095537414 9.3242516839394, 105.97809573806 9.32451208467683, 105.978098437658 9.3245712839351, 105.978094737471 9.3248001842369, 105.978072238102 9.32499028377587, 105.978033637496 9.32543698391241, 105.978012537733 9.3259343839019, 105.978613437408 9.32586658388023, 105.978793837893 9.32584898437951, 105.978945037579 9.32584328436895, 105.979062638005 9.32584898436183, 105.979214937521 9.32586808383679, 105.979433637766 9.32590548416818, 105.979651337332 9.325954684511, 105.979892737574 9.32601868422084, 105.980084237251 9.32606668449108, 105.980207137727 9.32609038393149, 105.9802909372 9.32611368399992, 105.980278737051 9.32619028460251, 105.980252037473 9.32638358438871, 105.980205037896 9.3268014847661, 105.980193037818 9.32690658431475, 105.980148537102 9.32698308472716, 105.980126937269 9.32710528464109, 105.980096937 9.32794718457928, 105.980095537192 9.32795338470206, 105.979990037153 9.32864078415031, 105.979975537096 9.32874248458624, 105.979782337276 9.33009708412774, 105.979627037189 9.33118638421366, 105.97955073694 9.33167278393014, 105.979539036943 9.33173388417466, 105.979474337226 9.33214248424734, 105.979472537074 9.33215418420038, 105.979425537077 9.33237688393272, 105.979400236913 9.33254358404935, 105.979392936902 9.33268288369489, 105.979385737022 9.33281618389355, 105.979381536693 9.3328934843699, 105.979386037236 9.33303258365251, 105.979406337096 9.33316518400933, 105.979417136497 9.33320578392736, 105.979455836514 9.33332918373946, 105.97948133659 9.33340468371241, 105.979516237007 9.33349888415565, 105.979533436967 9.33354538432974, 105.979545836738 9.33358128390481, 105.979605736697 9.33370508369355, 105.979682336486 9.3338630836874, 105.979695237007 9.33388968387493, 105.979754736632 9.3340228841456, 105.979826337197 9.33418308441166, 105.97985233721 9.33424128377841, 105.979902736919 9.33434108370967, 105.979933236966 9.33440138376184, 105.980064836459 9.33470278379465, 105.980097936844 9.33477528418895, 105.980118937123 9.33482138406205, 105.98013113641 9.33484308445862, 105.980140436687 9.33485248362892, 105.980216536808 9.33492108403766, 105.980230336819 9.33494168367603, 105.980246636421 9.3349720840846, 105.980255337065 9.33499698370922, 105.980267436339 9.33502408406591, 105.980443536319 9.33544848424927, 105.980720536813 9.33611598439105, 105.980727937044 9.33613388370092, 105.980793736498 9.33630978379259, 105.980816936355 9.33636648408721, 105.980824137083 9.3363822841322, 105.980859336282 9.33645088362679, 105.980877736902 9.33648378395734, 105.980892036441 9.33650478434857, 105.980900936277 9.33651488388053, 105.98091293669 9.33652358405127, 105.98092203687 9.33652908369115, 105.980940936689 9.33653698426503, 105.981018636966 9.33667338398364, 105.981073936479 9.33675228392787, 105.981159636828 9.3368778839752, 105.981275336127 9.33702528412452, 105.981435236766 9.33722818420393, 105.981601736726 9.33743568392163, 105.982311836868 9.33825408367758, 105.982470136365 9.33843178378488, 105.982724036657 9.33870068450335, 105.982906536271 9.33889788385494, 105.983111936636 9.33912508376678, 105.983579436567 9.33968378401087, 105.983805536468 9.33995428411817, 105.983921536345 9.3400929845535, 105.984055535981 9.34025338451301, 105.984768836565 9.34108158387192, 105.985101135875 9.34146418434929, 105.985439235917 9.34185338437037, 105.985643235991 9.34209708419301, 105.985976836064 9.34246898448253, 105.986318936022 9.34286708435087, 105.986645736266 9.34323578426149, 105.987572436191 9.34427378424756, 105.98784393603 9.34459118453315, 105.987999935574 9.34477238420772, 105.988395735259 9.34523198425087, 105.988872235649 9.34579598439744, 105.98913783536 9.34610258479622, 105.989375835228 9.34637508441529, 105.989494835827 9.34651138433815, 105.990935535705 9.34817888471776, 105.99095453575 9.348202484012, 105.991028134852 9.34829398476229, 105.99135013506 9.34866358423228, 105.992605835299 9.35010478457038, 105.994731234412 9.35257258444067, 105.995024835087 9.35291298455242, 105.995215834578 9.35313438444848, 105.995732235093 9.35373308441966, 105.996244134812 9.35428958502601, 105.996492934155 9.35456018428412, 105.99703043495 9.3551390843129, 105.997226934571 9.35535258441983, 105.9978347341 9.35601298481882, 105.997917234092 9.35610258439871, 105.998502234565 9.3567638844151, 105.998962034555 9.35723958501362, 105.999123434691 9.35738468446632, 105.999509034453 9.35778138487866, 105.999745133896 9.35801808516117, 105.999788733789 9.35806168515134, 106.000401034219 9.35867388464876, 106.000584033821 9.3588568844608, 106.000685033784 9.35895788523044, 106.000895734175 9.3591588852054, 106.00104903376 9.35932018459605, 106.001189833628 9.35946758522606, 106.001250033889 9.35954008470395, 106.001300933642 9.35960958456286, 106.001385333686 9.35973228465267, 106.001477633685 9.3598811850361, 106.00153523437 9.35997748453526, 106.001562733989 9.3600235845189, 106.001796734021 9.36041058475935, 106.002157333554 9.36103798447394, 106.00262113382 9.36183818495846, 106.002939433405 9.36238308502982, 106.003274133533 9.36298498492437, 106.003297233749 9.36302868494516, 106.003550233842 9.36350738474365, 106.003656133973 9.36369678534494, 106.003962433257 9.36424438494752, 106.004203533802 9.36468688477615, 106.004234233692 9.36474328496821, 106.004353133478 9.36496158451865, 106.004502133659 9.36523518463977, 106.004583333803 9.36538468483345, 106.004865733321 9.36590428497841, 106.004973533522 9.36610778497885, 106.005063832946 9.366279985237, 106.00512223324 9.36639138459901, 106.006927433016 9.36983168534979, 106.007063432751 9.37009088455876, 106.008055632314 9.37198188542913, 106.008242232748 9.3723374854053, 106.008390832832 9.37262078504433, 106.008721132955 9.37325168473028, 106.008775332312 9.37335508460479, 106.009343232433 9.37442068477307, 106.009384832718 9.37449868508853, 106.009639432653 9.37497628482089, 106.009740732869 9.37516628470843, 106.009888932324 9.37544098532239, 106.010143532351 9.37591268478628, 106.010262732316 9.37613358545338, 106.010293732677 9.37619108494293, 106.010454632584 9.37648668528263, 106.010793832002 9.37711018520613, 106.010800531846 9.37712248511798, 106.011490032198 9.37839378483427, 106.01164613207 9.37868168505759, 106.011735532447 9.37884648551046, 106.011778431797 9.3789254854295, 106.011805131669 9.37898548471181, 106.011823732136 9.37904428499887, 106.01183613172 9.37908588489748, 106.011841132495 9.37910548491841, 106.011844232124 9.37912998475424, 106.011851031861 9.37916068466132, 106.011856632176 9.37920108549504, 106.011858431895 9.37921518546603, 106.011862832455 9.37924208493559, 106.01185913215 9.37929598513736, 106.011852932 9.37933828464368, 106.011851632471 9.37935298495412, 106.011837331677 9.37940008473775, 106.011756632126 9.37965308478545, 106.011574731936 9.38018158527109, 106.011517132051 9.38034798521223, 106.011370631919 9.3807707849492, 106.011369931821 9.38077268474924, 106.011307731582 9.38096858491816, 106.011281732338 9.38105068540481, 106.01119693197 9.38133708462664, 106.01113373151 9.38153088488802, 106.010788731845 9.38258968454208, 106.010625532198 9.38308608526696, 106.009784531339 9.38571648442519, 106.009184431443 9.38757818495486, 106.008941230987 9.38832898410956, 106.00858233225 9.38945278477292, 106.008339732506 9.39021258477061, 106.007871232238 9.39169718466278, 106.007804431971 9.3919166847079, 106.007642331898 9.39244898422841, 106.007612231588 9.39254768397224, 106.007557232225 9.39271918465037, 106.007507331842 9.39287458441325, 106.0075022319 9.39289068441829, 106.007455532181 9.39303628454448, 106.007284531796 9.39358728439333, 106.006928432233 9.39473438404436, 106.006509331888 9.39607338385508, 106.006273531425 9.39679358404605, 106.006203731347 9.39702208386151, 106.005895831901 9.39803088357671, 106.005572731818 9.39905428388982, 106.005472831962 9.39936938427194, 106.005089931393 9.40062648400491, 106.00479143153 9.40156038394834, 106.004739330923 9.40172338347741, 106.004660831116 9.40196908401453, 106.00446253105 9.40258958387691, 106.004324431675 9.40299258371654, 106.003389931174 9.40572018372031, 106.003316531121 9.40593548345816, 106.002876931145 9.4072240832697, 106.002808731246 9.40742408302973, 106.0022714309 9.40897428356882, 106.002046530922 9.40963088352172, 106.002000930624 9.40976388345097, 106.00151503085 9.41118238316477, 106.001437931021 9.41141608346185, 106.001155930408 9.41227128326431, 106.000760830635 9.41346938281652, 106.000635530671 9.41380628269891, 106.000490630542 9.41419618292359, 106.000059230443 9.41552448255807, 106.00003223059 9.41560748250454, 106.00001433081 9.415662582681, 105.999993530318 9.41572678306776, 105.99955442989 9.41700388277142, 105.99935433055 9.41761108303454, 105.99916773045 9.41815728225199, 105.999157429774 9.41818748304278, 105.998963730049 9.41878298294369, 105.998844030271 9.41913508273428, 105.998573930018 9.41992998280935, 105.998525429897 9.42007258256185, 105.998388030193 9.42047718251378, 105.998291130369 9.42075008220191, 105.998206129741 9.42098928235877, 105.998163829689 9.421119982371, 105.998076729601 9.42141988248295, 105.997964730073 9.42175438202644, 105.997814729935 9.42221078224465, 105.99771273036 9.42250618240075, 105.997677829873 9.4226073828318, 105.997650729953 9.42267528197213, 105.99756192987 9.42289818219678, 105.99750053027 9.42305008239984, 105.997448430147 9.42316048275963, 105.997423330095 9.42321588232493, 105.99737143023 9.42333008268036, 105.997367429611 9.42333868260266, 105.997313130069 9.42345588190154, 105.997264630111 9.42355408241753, 105.997181229765 9.42371938199002, 105.996646929763 9.42477818262929, 105.996484429928 9.4251001820684, 105.99640312982 9.425261181834, 105.996326729591 9.42541268254892, 105.996244829747 9.42557338203393, 105.996162929832 9.42573408240654, 105.996081029843 9.42589478185838, 105.995999129781 9.42605548219777, 105.995917229647 9.42621618252061, 105.995835229275 9.42637688206363, 105.995753329762 9.42653748198766, 105.995671429409 9.42669818226065, 105.9952876296 9.42745108160653, 105.994999029823 9.42804808198657, 105.994920529551 9.42821048171625, 105.994842029977 9.42837278196928, 105.994685029849 9.42869748189111, 105.994606429899 9.4288597822392, 105.994527829877 9.42902208166781, 105.99444912962 9.42918438212602, 105.994308929136 9.4294737815444, 105.993831229172 9.43045988210081, 105.993327428987 9.43149998131498, 105.993220729654 9.43172018135752, 105.993134629594 9.43189788205442, 105.993074229548 9.4320493814399, 105.993056029422 9.43209498146066, 105.993012529087 9.4322213814113, 105.99298862897 9.43228458123086, 105.992960429479 9.43238148151622, 105.992958429398 9.43239018167052, 105.992903229079 9.43263168173031, 105.992828029603 9.4330537818139, 105.992800529377 9.43325138197704, 105.992792029447 9.4333120818549, 105.992676329015 9.43401928194695, 105.992656628759 9.43413978129011, 105.99253972934 9.43488408170999, 105.992372228608 9.43595058134528, 105.992336029258 9.43618118190999, 105.992214328951 9.43695638129563, 105.991940928523 9.43852358093078, 105.991913929136 9.43870118155482, 105.991906829022 9.43879108099648, 105.991897028523 9.43891538120452, 105.991898629073 9.43908788111544, 105.991904529091 9.43923948111523, 105.991927628359 9.4394644813731, 105.991954828389 9.43964788159178, 105.991991728372 9.43982418124059, 105.991999828557 9.43986218092643, 105.992040329032 9.44005248134856, 105.992067028357 9.44014668173119, 105.992102128757 9.44027078168626, 105.992165928608 9.44043668171606, 105.992252128694 9.44063378091526, 105.992325629066 9.44078968151712, 105.99239902861 9.44092198121758, 105.99246652884 9.44103738090972, 105.992525528136 9.44112438120668, 105.992653028607 9.44133448158136, 105.992805228701 9.44158528170313, 105.992973628839 9.4418627813019, 105.993027528222 9.44195188092819, 105.993434628105 9.4426243811505, 105.993657228571 9.44296858101721, 105.9948169278 9.44488218103403, 105.995305127875 9.44568068095082, 105.995574328464 9.4461118811706, 105.996243628192 9.44718398153315, 105.996295828202 9.44729088180249, 105.996922028206 9.44833898111034, 105.997389227579 9.44908278148602, 105.998044227557 9.45016338186488, 105.998229427997 9.45046888155107, 105.99879902782 9.45139468124596, 105.999521227597 9.45256858135929, 105.99955572709 9.45262488188983, 106.000121827568 9.45354838189916, 106.000554727002 9.45425468160666, 106.000790626854 9.45465158175053, 106.001521426745 9.4558628814737, 106.00228202658 9.45709638140752, 106.002329627301 9.45718868187382, 106.002663226635 9.45783488199534, 106.003458226836 9.4591216817359, 106.004171726582 9.46025658166244, 106.004684726074 9.46105008147638, 106.004854026435 9.4613157813972, 106.00506622603 9.46164918158566, 106.005566926648 9.46243598127677, 106.005743626274 9.46271628159488, 106.0058399266 9.46286898204903, 106.005917226054 9.46299148126457, 106.006327126506 9.46362918168441, 106.006400826645 9.46374378160967, 106.006715526361 9.46423088184935, 106.006861525727 9.46448498194985, 106.006975326137 9.46471238191045, 106.007002026555 9.46476578135283, 106.007052626456 9.46487528145016, 106.007054226349 9.46487888139655, 106.007149926214 9.46511128134042, 106.007214326274 9.46530798149868, 106.007237026495 9.46538958178425, 106.007261425856 9.46549028134413, 106.007314925895 9.46568318158698, 106.00732562577 9.46571558191704, 106.00754442604 9.4664766818744, 106.007589125534 9.46661688192373, 106.007616625914 9.46672868210843, 106.007632826267 9.46682238156328, 106.007659125572 9.46695968138764, 106.00768692562 9.46716018129611, 106.00770002564 9.46728588148734, 106.00771042612 9.46739218185739, 106.007719726134 9.46755158185358, 106.007726225527 9.46766988182928, 106.00773252586 9.46780208206767, 106.007733325823 9.46788358198346, 106.007738725747 9.46816108180296, 106.007731726159 9.4684401818833, 106.007717825881 9.46865518189666, 106.007690725527 9.46903178178049, 106.007642825936 9.46947928147022, 106.007594126047 9.47007088163013, 106.007517625295 9.47110308146269, 106.007488725902 9.47158628140925, 106.007429525154 9.47230378128811, 106.007342225625 9.47340308142664, 106.00731362524 9.47395738114481, 106.007272625638 9.47444978139434, 106.007251725 9.4747191815652, 106.007064225123 9.47702548086759, 106.00694762474 9.47858118118985, 106.00690972492 9.4790626814621, 106.006902625084 9.47918318103371, 106.006884224605 9.47949828113964, 106.006797024938 9.48057228085809, 106.006755924733 9.48112218154372, 106.006688024695 9.4819900814801, 106.006648324345 9.48244398145224, 106.006466724091 9.48463538073026, 106.006380324564 9.48570968100539, 106.006315524481 9.48665338092449, 106.006094623849 9.4894026804826, 106.006079823938 9.48954908051797, 106.005885123832 9.49216768053465, 106.005827124022 9.4928613808094, 106.005732123852 9.49403358049983, 106.005633523989 9.49528658013181, 106.005538223748 9.49666528033419, 106.005216323124 9.50058138036816, 106.005194223057 9.5009404801611, 106.005183123303 9.50111998039717, 106.005160623607 9.50148608001319, 106.00513142277 9.50183758047459, 106.005116522882 9.50201688004091, 106.004973322878 9.5037399804791, 106.004843223126 9.50574227971261, 106.004718322436 9.5076446802042, 106.004639422309 9.50874508018604, 106.004532422417 9.51066437986847, 106.004513922587 9.51091578019702, 106.004485722641 9.51139897999288, 106.004437021996 9.5122294802329, 106.004360522004 9.51342087942256, 106.004352722396 9.51355118019929, 106.004353421988 9.51365997997546, 106.004364022222 9.51374457956004, 106.004380922677 9.51383048019798, 106.004393522315 9.51389777994428, 106.004411821848 9.51395948001093, 106.00445542185 9.51404957995616, 106.004515822477 9.51415558002034, 106.004552922467 9.51421928007838, 106.004553821823 9.51422077971605, 106.004591722237 9.51427067993459, 106.004638022201 9.51432427966287, 106.004994122374 9.51463877985025, 106.005218721773 9.51482997990774, 106.005494821818 9.51506507998255, 106.005787422457 9.51530497970482, 106.005927722438 9.51541997964416, 106.006222222364 9.51566148022729, 106.007108421885 9.5164510799965, 106.007490822196 9.51679717998918, 106.007697622068 9.51697528001463, 106.008915321734 9.51811407977518, 106.009673221884 9.5188413797508, 106.009753621495 9.51891858040426, 106.009804821259 9.518965980391, 106.010231821676 9.51936138001533, 106.010244621951 9.51937328017466, 106.010594121213 9.5197132796993, 106.011465721671 9.52056128035556, 106.011740621311 9.52083027977501, 106.011747521757 9.52083698046181, 106.013077821075 9.52213828031847, 106.013957821158 9.52297187980405, 106.014226820721 9.52321478031324, 106.014508320671 9.52346898064556, 106.015159620886 9.52410018027183, 106.015199120826 9.524141080251, 106.015448120664 9.52439898061811, 106.015611521256 9.52459968070611, 106.015666021242 9.52466737995934, 106.015742920669 9.52478417996753, 106.015797420981 9.52487147994715, 106.015856421359 9.52496757994498, 106.016062920768 9.5253676802019, 106.016383721197 9.52597507989606, 106.016521820487 9.52624658053776, 106.016798020826 9.52676668061686, 106.016813120968 9.52679518049535, 106.016959821078 9.52706538062052, 106.017261920765 9.52762157997461, 106.017750020974 9.52846748041703, 106.018098520716 9.52906068029206, 106.018414720574 9.52959878024136, 106.018740920473 9.53014868073196, 106.018916920347 9.53044528067088, 106.019041420775 9.53065048076833, 106.019532920405 9.53148148037142, 106.019770220063 9.53188158077178, 106.019836620341 9.53199358059447, 106.019862019908 9.53203698023477, 106.020318320457 9.53281568007824, 106.020402019751 9.53295858037615, 106.020728720493 9.53352268062032, 106.021058719543 9.53407708007394, 106.021282620024 9.53446018084084, 106.02148771967 9.5347892805454, 106.021509719829 9.53482458009344, 106.021736120181 9.53522228010183, 106.021902320116 9.53550228043489, 106.021992819701 9.53565488001603, 106.022034920013 9.53572538061148, 106.02212371941 9.53587398081679, 106.022246320124 9.53608338043959, 106.022313019933 9.53619657997587, 106.022375519562 9.53630248005585, 106.022461919596 9.53645918064512, 106.022589619643 9.53666188066694, 106.022610119363 9.53669448070405, 106.02268042016 9.53681788018043, 106.022830320127 9.53706048059941, 106.023197619589 9.53769688001218, 106.023497019529 9.53819518051781, 106.024175419297 9.53937048041367, 106.024207019116 9.53942498083447, 106.02458471977 9.54007688022978, 106.024875719706 9.54056838077393, 106.024992419574 9.54077008090667, 106.025166319245 9.54104708031218, 106.025309219164 9.54128258044876, 106.025386919356 9.54140188030836, 106.025408119275 9.54143988062786, 106.025421619352 9.54147008049416, 106.025433818877 9.54150338092993, 106.025442718874 9.54154898041099, 106.02544621885 9.54157418081325, 106.025447819542 9.5416159802124, 106.024422819487 9.54222058052977, 106.022891919324 9.54313147983329, 106.0227216196 9.54323427991266, 106.022220219603 9.54356128058877, 106.021894319392 9.5437705805011, 106.021839319505 9.54380587968188, 106.021443918775 9.54405977965742, 106.021073719507 9.54429407964979, 106.020631719451 9.54448477974132, 106.020152819498 9.54465697985602, 106.020090719598 9.54468737971282, 106.019838918894 9.54481038016117, 106.019767619437 9.54485377947184, 106.019072219608 9.54527627972893, 106.018595719309 9.54551867983485, 106.017841318969 9.54587338016028, 106.016974319421 9.54628847969315, 106.01692331924 9.54631347996355, 106.016394119142 9.54657277947187, 106.016243418915 9.54665057955124, 106.015662319297 9.54695067907166, 106.015648719391 9.54695787928618, 106.013220019164 9.54823957896103, 106.013076119511 9.54831637943954, 106.012050318793 9.54886387933135, 106.010727618994 9.54954497945496, 106.010204219272 9.54981447867332, 106.009419919412 9.55021577866388, 106.007801019529 9.55104417899458, 106.007696918795 9.55109747846799, 106.006676618939 9.55164067849606, 106.006240318932 9.55187297840863, 106.006030019249 9.55198497832993, 106.005359118716 9.55234547811331, 106.00524251943 9.5524074787648, 106.004784419023 9.5526508784493, 106.004582318984 9.55275827874574, 106.003829819364 9.55315837861606, 106.003459819114 9.5533580784997, 106.002653819441 9.55379317815074, 106.002617019048 9.55381307803634, 106.002071618882 9.55411607818336, 106.001390019396 9.55448797786248, 105.999700019146 9.55541027763243, 105.999479918881 9.55552727802704, 105.999264418947 9.5556394777327, 105.999216419247 9.55566817744452, 105.998627618585 9.55602037773619, 105.997352919183 9.55661887785335, 105.997289518669 9.55665177755119, 105.997030018906 9.55678637749356, 105.996868619129 9.55687007740464, 105.996756619419 9.55692817719112, 105.996521219364 9.55705367794861, 105.99606721893 9.55728947750194, 105.995985119022 9.557332177822, 105.995597318719 9.55752487781193, 105.995175719379 9.5576941774864, 105.995045118795 9.55774667744681, 105.994852718837 9.55783727699491, 105.994804119319 9.55786427712623, 105.994755419445 9.55789117703014, 105.994610019255 9.55796737742117, 105.994456319139 9.55804777771456, 105.994433218854 9.55805987773685, 105.994302719295 9.55812827726019, 105.994272218853 9.55814437703021, 105.994149118899 9.55820907692906, 105.994144319135 9.55821157747624, 105.993657418579 9.55849467767271, 105.993193519076 9.55870487685158, 105.993181819325 9.55871017747132, 105.992705718773 9.55893667759073, 105.992533918812 9.55902377737599, 105.992425218809 9.55908057727476, 105.991966318615 9.55932047729733, 105.991940318718 9.55933517716244, 105.991528019438 9.55956787670102, 105.991504719014 9.55957967753764, 105.991417519297 9.5596273769141, 105.991328118733 9.55967127731041, 105.991209319282 9.55971387743772, 105.991116319376 9.55972527674558, 105.990980319375 9.55972397701194, 105.990838818555 9.55970767743773, 105.990797119426 9.55969887718673, 105.990565519276 9.55971187714817, 105.990367519031 9.55968087742385, 105.990152419309 9.55964017725996, 105.989825719284 9.55955427704692, 105.989240219353 9.55942387648096, 105.988559219244 9.55923327692365, 105.986361519584 9.55868037680798, 105.985743719108 9.55851767652769, 105.984336319195 9.55814697662922, 105.984063219337 9.55807507694981, 105.983629419414 9.55796077674769, 105.981850219918 9.55749217631798, 105.981844838454 9.55752447120146, 105.981827924121 9.55755124891162, 105.98180796817 9.5575813676943, 105.981777519071 9.55759457599605, 105.981738319289 9.55782617631962, 105.981690719763 9.55805717614886, 105.981686119007 9.55807947598291, 105.981597319133 9.55851427625804, 105.981543119581 9.55876917635595, 105.98137941975 9.55953947590245, 105.981345019272 9.55970107606877, 105.981212219701 9.56034497632291, 105.981060119365 9.56103677594938, 105.980968819519 9.56145157635769, 105.9807778192 9.56231867602154, 105.980436919471 9.5639479758547, 105.980323119067 9.56450007616146, 105.980143218803 9.56548357598011, 105.980106419351 9.56568717577457, 105.980012118896 9.56613667616975, 105.97989051892 9.56674687613417, 105.979877718366 9.56681137629656, 105.979806419037 9.5671743754419, 105.979744219151 9.56731127550538, 105.979631618673 9.56784607606876, 105.979556818636 9.56820167567288, 105.979231118983 9.56977957604731, 105.979206518332 9.56989147600292, 105.979151218909 9.57018807530016, 105.978999318201 9.57094587525773, 105.978981418423 9.57102127597823, 105.978795518648 9.57191187529922, 105.978626217961 9.57270037519309, 105.978590018418 9.57286697587578, 105.97858651806 9.57288297563749, 105.97843711857 9.57357047556352, 105.97822821782 9.57455367528246, 105.97818851855 9.57475067564319, 105.978172217894 9.57483177587541, 105.977956518229 9.5759421757196, 105.977790917995 9.57674947523657, 105.977749617935 9.57695057549202, 105.977509217937 9.57815417570947, 105.97746431814 9.57836367528702, 105.977372018344 9.578941575628, 105.977343317555 9.57912097536972, 105.977327017914 9.57922327494819, 105.977190317794 9.57965067511205, 105.977022318062 9.58037027488544, 105.976955518079 9.58071147562945, 105.976826117463 9.58137167551118, 105.976811317322 9.58144737476151, 105.976710017853 9.58200307522411, 105.976586517553 9.58249067536099, 105.976466517203 9.58306787480854, 105.976363917508 9.58356137485038, 105.976192417081 9.58438677524366, 105.976134317721 9.58468817456698, 105.976111917377 9.58480417535425, 105.975946017619 9.58566417448558, 105.97592321784 9.58578257459597, 105.975940420137 9.58585848968589, 105.975922402808 9.58592956862954, 105.975897578478 9.58599305550891, 105.975834054633 9.58630567501835, 105.975799517796 9.5863611749445, 105.975777217416 9.58649217500003, 105.975758417708 9.58661377492343, 105.975705717054 9.58683917502752, 105.975604217422 9.58728407461075, 105.975594117157 9.58733717463529, 105.975408317075 9.58833417490518, 105.975299517109 9.58891807482279, 105.97519301729 9.58953217474682, 105.97516741728 9.58969427490693, 105.975092217328 9.590171074779, 105.975028516711 9.59048987437817, 105.974873716659 9.59141337452209, 105.974865316624 9.59146287446518, 105.974767917361 9.59207487492312, 105.974607552403 9.59318009138594, 105.974634658284 9.59323020558298, 105.974669668897 9.59335311656817, 105.974601343515 9.59342250614052, 105.97449744339 9.59339108345188, 105.974348933802 9.59342562138677, 105.97396975424 9.59359503891475, 105.97335417601 9.59392129419296, 105.972192265271 9.59444878358506, 105.971879770267 9.59460314465275, 105.971413457509 9.59479411102857, 105.970721394351 9.59507003567905, 105.970511357674 9.59521830405257, 105.970402003636 9.59526374601397, 105.970378480286 9.59542026468203, 105.970529917054 9.59579677413373, 105.970611317167 9.59594237381704, 105.970910117112 9.5964896741686, 105.971004817068 9.59670857373297, 105.97103851712 9.59677297416474, 105.971417516347 9.59749257373963, 105.971679716948 9.59804127393373, 105.971987716324 9.59864557449951, 105.972336916221 9.5993155740099, 105.972542516307 9.59975457423723, 105.972915216245 9.60047767409464, 105.972973416382 9.60060657385947, 105.972971516309 9.6006140739062, 105.972969916112 9.600621673907, 105.972968816082 9.60062927412845, 105.972968216499 9.60063707439373, 105.972968016589 9.60064467428934, 105.972968316076 9.60065237386636, 105.972969116643 9.60066007456696, 105.972970316249 9.60066777381809, 105.972971916443 9.60067527450665, 105.972974015894 9.60068277451294, 105.972976616146 9.60069007401132, 105.972979515997 9.60069727454478, 105.972982916649 9.60070427457031, 105.972986715926 9.6007109738637, 105.972990915929 9.60071757405391, 105.97299551638 9.60072387441366, 105.97300041615 9.60072987417691, 105.973005716368 9.60073557410968, 105.973011416122 9.60074097421317, 105.973017316665 9.60074597439511, 105.973023516527 9.60075067398052, 105.973030016621 9.60075507387232, 105.97303681667 9.60075897424738, 105.973043716518 9.60076257429853, 105.973050916459 9.60076577429237, 105.973058215921 9.6007684741392, 105.973068316379 9.60077147396145, 105.973147216473 9.6009310739092, 105.973186415844 9.60101797428051, 105.97329321596 9.60121087401295, 105.9734626163 9.60155637400548, 105.973498816506 9.60162547425278, 105.973612416594 9.60183897440621, 105.973638416493 9.60188827442459, 105.973655116009 9.60193537374077, 105.973664516285 9.60198847413388, 105.973809982586 9.6021010556328, 105.973882715737 9.6021890819341, 105.973886895804 9.60226747526472, 105.973850093806 9.60235427524997, 105.973803529613 9.6024161876349, 105.973766836472 9.60247359010563, 105.973794516346 9.60258917437096, 105.97387681585 9.60286567430453, 105.973531416307 9.60292617374814, 105.973427815754 9.60294427430134, 105.973302416343 9.6029676741942, 105.972731516097 9.60308497430147, 105.972215516546 9.6031139742315, 105.972225315892 9.60327637395978, 105.972326116339 9.60410517382615, 105.972363215567 9.60483987410496, 105.972395316325 9.60535137383564, 105.972413815592 9.60560047418381, 105.972423516049 9.60572687414148, 105.97243101557 9.60582647363448, 105.972486315438 9.60620877430678, 105.972523816163 9.60646777384399, 105.972550016052 9.606640073571, 105.972576216111 9.60681247365668, 105.972577916077 9.6068235737417, 105.972602315567 9.60698457368766, 105.972629015394 9.60716057351923, 105.972714715899 9.60773487373014, 105.972757015897 9.60806167369459, 105.972926215824 9.60857417388899, 105.973070715791 9.60901887358255, 105.973855815225 9.60861427390566, 105.97391211559 9.60858387423825, 105.975116615809 9.60796987418345, 105.975183515612 9.60793377428527, 105.975700315629 9.60765497394883, 105.975775015559 9.60761667419814, 105.975894315633 9.60754937394583, 105.976255215372 9.60734657459156, 105.976472715968 9.60777437436744, 105.976738315182 9.60827427463024, 105.97706811547 9.60890267463216, 105.977092715354 9.60894947439365, 105.977307315058 9.6093880742968, 105.977259015825 9.60941577444041, 105.977204015623 9.60943567444142, 105.976247715032 9.60955137400906, 105.97623391551 9.6095530738806, 105.975889215824 9.60959007450135, 105.975804315554 9.60959937416163, 105.974960615185 9.60969837422641, 105.974428215263 9.60974667389224, 105.972098115974 9.60992447333284, 105.971891015726 9.60994197338576, 105.971767215536 9.60993857351935, 105.971787915579 9.60991317403067, 105.971799515957 9.60989777360731, 105.971809715671 9.60988147362884, 105.971818215889 9.60986427359893, 105.97182521564 9.60984647343339, 105.971830415954 9.60982797408056, 105.97183391578 9.60980917414824, 105.97183561581 9.60979007377189, 105.97183551569 9.60977107350315, 105.971833616053 9.60975197351764, 105.97183001585 9.60973317332716, 105.971824616052 9.60971487379443, 105.971817515826 9.609696973516, 105.971808315269 9.60968017377572, 105.971789615239 9.60965177372806, 105.971776815747 9.60963747352527, 105.971762715852 9.60962427367281, 105.971747415273 9.60961247331763, 105.971731115363 9.60960207399321, 105.971713915701 9.60959327357865, 105.971695915459 9.6095859733831, 105.971677315489 9.60958047331973, 105.97165831595 9.60957657329202, 105.971639015377 9.60957437352936, 105.971619715613 9.6095740734434, 105.971600415471 9.60957547411657, 105.97158091572 9.60957747362705, 105.971555115621 9.60958587336561, 105.971519915526 9.60960187378563, 105.971488315339 9.60962397340278, 105.971461315364 9.60965147373253, 105.971449815334 9.60966697346791, 105.97143091571 9.60970037336635, 105.971308915535 9.60974477389013, 105.97109911569 9.60990577389155, 105.970859515984 9.61016027386282, 105.970254715573 9.61084527346915, 105.96978741548 9.61144927342799, 105.969698415805 9.61153207334483, 105.969436615522 9.61187457372272, 105.969071615569 9.61235287330618, 105.968853715521 9.61262847321192, 105.968596215027 9.61295127326303, 105.96808741563 9.61363887348743, 105.967741015859 9.6140378736391, 105.967432715662 9.61439867283947, 105.967023415519 9.61494457341402, 105.96647861549 9.61562887285409, 105.965739614866 9.61645687313169, 105.965506115199 9.6167184728395, 105.965262515177 9.6170223726387, 105.96467251539 9.61782567325085, 105.964642915017 9.61786597252733, 105.964585215332 9.61791757294211, 105.964538315164 9.61794667280322, 105.964500115657 9.61796217296081, 105.964483315366 9.61796647321688, 105.964462815057 9.61796607309897, 105.964357615353 9.61795577304252, 105.964336515147 9.61794707245667, 105.96432111496 9.61794317263297, 105.964297914891 9.61793797313491, 105.964278215353 9.61793617316509, 105.964238715224 9.61793797311443, 105.964219215295 9.61794157262965, 105.964200115061 9.61794697273123, 105.964163914901 9.61796277306614, 105.964131315161 9.61798507322422, 105.964102915122 9.61801237327285, 105.964082315638 9.61804347305187, 105.964073515493 9.61806097259702, 105.964066315421 9.61807927290374, 105.964060915454 9.61809807261187, 105.964057315457 9.61811727316616, 105.964055615514 9.61813677316416, 105.964063415641 9.61818167325564, 105.964030415072 9.61826817245685, 105.963922415382 9.61855117269503, 105.963772214774 9.61884867291044, 105.963585515541 9.6191812725438, 105.963250815414 9.61972817292994, 105.962617714907 9.62048347283508, 105.962231914905 9.62094367302814, 105.962181414804 9.62100397249049, 105.961987914772 9.62125247280667, 105.961355515175 9.62204567283832, 105.960269114543 9.62350537258459, 105.959986414501 9.62387727196554, 105.959861914591 9.62401447247031, 105.959813714441 9.62406417247708, 105.959778214803 9.62410747206182, 105.958617415001 9.62560957175716, 105.957910614821 9.62650037243164, 105.957118814763 9.6274982722736, 105.956210214689 9.62863637138665, 105.95626741459 9.62868257167365, 105.957164914823 9.62753807196506, 105.95795341515 9.62654927244215, 105.958665714473 9.62565617228301, 105.959825014625 9.62414877232224, 105.959864014581 9.62410937231678, 105.959919914447 9.62404677206986, 105.960063515137 9.62387667195198, 105.960337814878 9.62353257275107, 105.961408315196 9.62208207236499, 105.962042214778 9.62128377247291, 105.962260914896 9.62100357224559, 105.96324751535 9.61984457231259, 105.96331291471 9.6197677731588, 105.963637015479 9.61924597248209)'));
INSERT INTO `tuyen_bus` VALUES ('11', 'BX Đại Ngãi - Cần Thơ', NULL, NULL, NULL, NULL, NULL, NULL, NULL, ST_GeomFromText('LINESTRING(106.058942402353 9.73242217650876, 106.059449602699 9.73251757690777, 106.059948502296 9.73262337623213, 106.060215802923 9.73275017680012, 106.06035780289 9.73279487702734, 106.060448002415 9.73282517663858, 106.060552302384 9.73286707696799, 106.060763802081 9.73296157621267, 106.06096270277 9.73305227683867, 106.061548002429 9.73336007668748, 106.061982302198 9.73359027669365, 106.062132802653 9.73367707702124, 106.062294802105 9.73376157624823, 106.062434501903 9.73382397647631, 106.06253000258 9.73386517637242, 106.062664202461 9.73391577632981, 106.062819002623 9.73396847700769, 106.063205102512 9.73409137678914, 106.063371202372 9.73410057663495, 106.0636629019 9.73409867673046, 106.063699402517 9.73413397636142, 106.063729502311 9.73415347641932, 106.063762401799 9.73416637691348, 106.063820802288 9.73418037635722, 106.064054202645 9.73422537707062, 106.064467402595 9.73426837707337, 106.065055102347 9.73428767651631, 106.06547370205 9.7342740768361, 106.065844302137 9.73427307696822, 106.066295201866 9.73427847701899, 106.066759302369 9.73428067735304, 106.067178402366 9.7342795774681, 106.068051601735 9.73427407744036, 106.068692801695 9.73428167674599, 106.068993401814 9.73427707753417, 106.069091602427 9.73427547721207, 106.069189702043 9.73427397739171, 106.069462701972 9.73426977728954, 106.069701802217 9.7342767772727, 106.069985101911 9.73428927746495, 106.07025190221 9.73432897764697, 106.070419902179 9.73435197737524, 106.070465001906 9.73447657737092, 106.070473601899 9.73450397709229, 106.070484202013 9.73455637707184, 106.070500102099 9.73466257738251, 106.070507701523 9.73472227712361, 106.070512102391 9.73477687732857, 106.070517401689 9.73485497691985, 106.070515601469 9.73496707749644, 106.070506101508 9.73503877776353, 106.070492201597 9.73511387687889, 106.070473301631 9.73519267692936, 106.070441701609 9.73532537699679, 106.070377901788 9.73552847708607, 106.070275302299 9.73581307770763, 106.070228202038 9.73595337687464, 106.070170601989 9.73610097746874, 106.070096001599 9.73626907748982, 106.070065601492 9.7363296770235, 106.069830302166 9.73682307755795, 106.069624401658 9.73721927707846, 106.069577601791 9.73731767696421, 106.069433801566 9.73761287683543, 106.068858201685 9.73876077685241, 106.068708402076 9.73903917724826, 106.068475301973 9.73934947669472, 106.068134701437 9.73993217719412, 106.067426001234 9.74105547657841, 106.067180701916 9.74147637684342, 106.066937601493 9.74187527693114, 106.066422501802 9.74269817705203, 106.066288501429 9.74292667691181, 106.065513401518 9.74417597626798, 106.065505901136 9.74418827621645, 106.064729801276 9.74545387675766, 106.064347501583 9.74607737625528, 106.06403390087 9.74656097612557, 106.063156801282 9.74799447646608, 106.062832101316 9.74851667596585, 106.061955201354 9.74992727636251, 106.061276301138 9.75097417644849, 106.060702800504 9.75189677636192, 106.060365601032 9.75242237592102, 106.060268100914 9.75257437611923, 106.060224801233 9.75264187584273, 106.060171100853 9.75272677601384, 106.059920100518 9.7531235762239, 106.059784700686 9.75333717561652, 106.059637500886 9.75356927534675, 106.059589700414 9.75364127605935, 106.059391400773 9.75394017567054, 106.059091500471 9.7544061758436, 106.058990201066 9.75456247580516, 106.05876620087 9.75491167583561, 106.058661401079 9.75505697602422, 106.0584329008 9.75536757564025, 106.05827400038 9.7555644752147, 106.058147800843 9.75572067559698, 106.057860400801 9.75605357566698, 106.057737800652 9.75619357562493, 106.057492101089 9.75647827515422, 106.057325901064 9.75668257506346, 106.057091101034 9.75695797531244, 106.056268700264 9.75793137511822, 106.055931500639 9.75833317511344, 106.055815200255 9.75847177538188, 106.055781100455 9.75851247568503, 106.055702700099 9.75861337484262, 106.055324800642 9.75910017560703, 106.054903000176 9.75964047519403, 106.05425450079 9.76048847519142, 106.053631200519 9.76128297469714, 106.051354700645 9.76421687467141, 106.050937300183 9.76475837432477, 106.050579500034 9.76521527437609, 106.049968600051 9.76599997477989, 106.048712700298 9.76759907411636, 106.048440700358 9.76790617457718, 106.048122999784 9.76826587470604, 106.047562600254 9.7688950738532, 106.046417699961 9.77012867377404, 106.046115200302 9.77046347435542, 106.045680799491 9.77094887428632, 106.044972700268 9.77171217363016, 106.044183499538 9.77259287366631, 106.042856699728 9.77405757398855, 106.04246849938 9.77445787375047, 106.042063699955 9.7749299736314, 106.041896999297 9.77514547374201, 106.041786399852 9.77528857328485, 106.041725899887 9.77536687319918, 106.041174699644 9.77609377346931, 106.041027199396 9.77630107355817, 106.040998399725 9.776335873493, 106.040998299619 9.77633597310992, 106.040627399426 9.7768444732912, 106.040377599453 9.77718607338331, 106.040335600035 9.77724127311759, 106.040163199915 9.77748317306914, 106.039507999711 9.7783478728577, 106.039398799185 9.77849207346708, 106.039381699873 9.77851467296231, 106.038923499091 9.77911887340752, 106.038895899501 9.77915427345173, 106.038867599364 9.77918767279222, 106.038367899707 9.77984867351462, 106.038162299746 9.78011427345336, 106.037757999048 9.780634073274, 106.037113899182 9.78140967254135, 106.036568799551 9.78210887289274, 106.035871099178 9.78300377278434, 106.035469599124 9.78354467248117, 106.03536189903 9.78368987318374, 106.035350999431 9.78370447266095, 106.035105098845 9.78403077288003, 106.034768799187 9.78449717299856, 106.034671299236 9.78463077243958, 106.034602399352 9.7847669724422, 106.034446699379 9.7850364728887, 106.034327998763 9.7852757721766, 106.034146098955 9.78561387261534, 106.03392409936 9.78603667269099, 106.033787499047 9.78631487253773, 106.033578898774 9.78673967216787, 106.033061998877 9.78776717205137, 106.033016198911 9.78784947284275, 106.032877599174 9.78813347208551, 106.032711799159 9.78846307280384, 106.032630698922 9.78862417229574, 106.0324707986 9.78891237206854, 106.032363298518 9.78911117210008, 106.032307699321 9.78921027210834, 106.03226289891 9.78928567249506, 106.032210698608 9.78936287199696, 106.032076998802 9.78953507188707, 106.03177969917 9.7898779722211, 106.03137229884 9.79033357196542, 106.03136629916 9.79034057232603, 106.030837698911 9.79094897173651, 106.030373598807 9.7914499719532, 106.030363498853 9.79146097238144, 106.030353198355 9.79147197221841, 106.029744798901 9.79217457177156, 106.029600898712 9.79233447201548, 106.027896098255 9.7942295717922, 106.027120198679 9.79507207159077, 106.026715898441 9.79551937209199, 106.025017498394 9.79737667110465, 106.023939198062 9.79854067170621, 106.022830298105 9.79973767122195, 106.022370698144 9.80022937150786, 106.021909398472 9.80072627096285, 106.021722898495 9.80091807103931, 106.021477498462 9.80117037132844, 106.02104569818 9.80161427121752, 106.019842098727 9.80276737091037, 106.019711198694 9.80289277080484, 106.019500698445 9.80309447093676, 106.01931779848 9.80326817109746, 106.018181098314 9.80434727028732, 106.017480198131 9.8050179702062, 106.016539597747 9.80591717040927, 106.016333897955 9.80611307025903, 106.016289298041 9.80615447013806, 106.016249398208 9.80619107079591, 106.016152997881 9.80627407045716, 106.016086797827 9.80632807014029, 106.016033598045 9.80636787004947, 106.015864498369 9.80647697040023, 106.015817398017 9.80650317053263, 106.015767798365 9.80653017012302, 106.015718597923 9.80655477035621, 106.015429098408 9.80667837008667, 106.015085798088 9.80681057032289, 106.015080097866 9.8068123701271, 106.014710297683 9.80692677021307, 106.013879298502 9.80718077021653, 106.013862697807 9.80718587043852, 106.013346897831 9.80734137020325, 106.013091698508 9.80742697017579, 106.012836898094 9.80753316980554, 106.012696998277 9.80759247021242, 106.012497798488 9.80770527000201, 106.012380898269 9.80778406996095, 106.012294098485 9.80785046992424, 106.012197598465 9.80793067029182, 106.012136598385 9.80799017045621, 106.012044198331 9.80809506993869, 106.011911197886 9.8082593700074, 106.011851097828 9.80834347013556, 106.011730197841 9.80855466979279, 106.011679398487 9.80866586989494, 106.011593597793 9.80889117030454, 106.011550698018 9.80903066962017, 106.011508997643 9.80920566998375, 106.011494198466 9.809296569729, 106.011487097941 9.8093512696412, 106.011479598283 9.80943817011009, 106.011477598099 9.80949457029088, 106.011477298363 9.80956066957434, 106.011484298039 9.80967796963304, 106.011480898067 9.80970197034246, 106.011515197653 9.81000576977209, 106.0116390976 9.81047796992864, 106.011719597578 9.81077366970741, 106.0117256982 9.8107992700061, 106.011731497529 9.81082456967318, 106.011738298038 9.81084466979661, 106.011821697925 9.81115097008365, 106.01185719785 9.81125947026436, 106.011865398032 9.81129046976106, 106.011873397508 9.81132137010261, 106.011957098166 9.81161677019959, 106.012097698127 9.81221337030618, 106.01210969803 9.81227407031762, 106.012123797676 9.81236046978854, 106.012136797696 9.81246096952854, 106.012144797341 9.8125619695918, 106.012151897865 9.81267406960963, 106.012149497365 9.81277066945656, 106.012138897445 9.81289496986685, 106.012124597576 9.81300286983582, 106.012108097414 9.81310567003469, 106.012087397721 9.8131914701828, 106.012068097303 9.81326476997504, 106.012058798147 9.81330176970343, 106.012038797274 9.8133742694644, 106.012035797579 9.81338347023502, 106.012005297711 9.81347626984204, 106.012002297419 9.81348626989308, 106.011974097847 9.81355016988805, 106.011951997377 9.81359826946637, 106.011918697694 9.81367076941961, 106.011894198044 9.81371426952673, 106.011836897859 9.81381576967213, 106.01179979775 9.81388066953884, 106.011777597631 9.81391377010329, 106.011756297867 9.81394546966298, 106.011703497383 9.81401786975102, 106.011651197918 9.81408707014764, 106.011601497644 9.81414747001427, 106.011550197519 9.81420256937532, 106.0114795979 9.81427406953384, 106.011422697593 9.81432736990874, 106.011366697755 9.81437756944622, 106.011304697729 9.81442786934927, 106.01120309765 9.81450676978477, 106.01113319741 9.81455646945857, 106.011086297849 9.81458796979922, 106.011014897423 9.81463256952248, 106.01091609802 9.81468786971886, 106.010811297663 9.81474456953655, 106.010798797348 9.81474986959497, 106.010775697905 9.8147595699152, 106.010374797547 9.81493016925238, 106.009921897613 9.8151276692874, 106.009492297273 9.81532326932294, 106.00943079721 9.81535086914143, 106.008857597221 9.81560016912941, 106.008123297619 9.81592246963598, 106.007808297747 9.8160687698448, 106.007653997465 9.81614516958479, 106.007563297421 9.81618586894431, 106.007494797834 9.81621666970324, 106.0074280978 9.81624986921088, 106.007371197486 9.81628106939244, 106.007309398066 9.81631766932966, 106.007230797444 9.81636936952257, 106.007228898063 9.8163708696604, 106.007009897198 9.81656056901604, 106.006898498006 9.8166783691467, 106.006795297652 9.81678816960145, 106.006697797386 9.81691276898249, 106.006681697962 9.81693856894535, 106.0064642976 9.81725266939591, 106.005673897102 9.81840936898721, 106.005648497598 9.81844036907005, 106.00560519725 9.81850506871906, 106.005548197651 9.81859136937796, 106.005455897119 9.81873146888412, 106.004990797821 9.81938746942738, 106.004827297888 9.81962336885877, 106.003799997678 9.82109256907824, 106.00262239686 9.82280286872112, 106.001916697323 9.8238244684072, 106.001426797505 9.82452666880305, 106.001323397488 9.82467496822635, 106.00082059737 9.82538826836407, 106.000641596826 9.82564216820248, 105.997994196887 9.82946426843474, 105.997879496928 9.82961836838038, 105.997715096869 9.82978506768658, 105.997452896823 9.83000946797614, 105.99708069695 9.83026076763425, 105.996738096927 9.83049146818942, 105.996511297318 9.83064226842458, 105.996036696466 9.83096486772097, 105.996022596563 9.83097406836944, 105.996008497287 9.83098246792727, 105.995539397082 9.83130056751898, 105.995524296857 9.83131086817221, 105.995509196481 9.83132106755866, 105.995093096455 9.83160116739588, 105.994593096541 9.83193316818586, 105.993134396928 9.83292046777384, 105.992528396531 9.83332946782451, 105.990581197075 9.83464556749752, 105.988494396348 9.83604626746635, 105.986960196238 9.83707696677722, 105.986727197028 9.83723266669924, 105.986587796867 9.83733316724205, 105.986268196681 9.83759496682713, 105.986180396527 9.83767196699024, 105.986096496486 9.83775016677628, 105.98604629697 9.83780016692597, 105.985996096875 9.83785726657132, 105.985875196676 9.83799856690097, 105.985766596936 9.83812986663403, 105.985477896827 9.83848816693726, 105.985163096914 9.83889516662423, 105.984434996309 9.83984406672316, 105.984420596135 9.83986166703774, 105.984406396824 9.83987946688435, 105.984135796681 9.84023476640554, 105.984124196971 9.84024906701648, 105.984112796922 9.84026336643692, 105.983897196586 9.84055366706455, 105.983741396716 9.84076346646257, 105.983482196943 9.84111376633852, 105.983080896507 9.84166096664287, 105.982023596464 9.84310256614545, 105.981354296234 9.84398736596457, 105.981249296645 9.8441292660049, 105.981116796302 9.84430846581754, 105.980760796231 9.84478346663122, 105.979911396166 9.84594086635124, 105.979748396044 9.8461468659606, 105.979674396272 9.84623826640408, 105.979070896361 9.84699106634483, 105.978341296266 9.84792496555579, 105.978161895778 9.84814856556771, 105.977348996102 9.84916986613745, 105.97690169621 9.8497223653185, 105.97663659592 9.85004506548355, 105.976332295923 9.85036246538503, 105.975871895538 9.8508454659462, 105.974908896324 9.85177936533104, 105.973232596184 9.85344586564502, 105.973011695464 9.85366006555415, 105.972597795716 9.8540619655005, 105.972569396014 9.85408956513202, 105.972539595675 9.8541176649173, 105.972377096241 9.85427656528736, 105.9716364954 9.85501106552022, 105.971623995644 9.85502406499693, 105.971611496029 9.85503716483542, 105.971319695357 9.85532536475555, 105.970964795537 9.85568006527741, 105.97060269616 9.85603436500099, 105.970204095552 9.85642756451229, 105.969975396099 9.85665316502534, 105.969049595985 9.85756406471931, 105.96879629573 9.85781146466898, 105.968600195441 9.8580225650291, 105.968383195871 9.85826606433838, 105.96833599524 9.85832216463301, 105.968194395966 9.85847946449045, 105.968099595617 9.85859776508181, 105.968000695821 9.85872566453524, 105.967569295183 9.8592872650606, 105.967329395586 9.85960346420224, 105.966671995766 9.86046996485179, 105.966564395642 9.86061526487565, 105.966456795425 9.86076056486828, 105.966139395747 9.86118886491271, 105.96567369572 9.86180896404512, 105.965432795498 9.86212416423145, 105.965196995724 9.86242346469886, 105.96519459505 9.86242606477488, 105.965149994986 9.86247466463301, 105.964701195698 9.86296346426027, 105.964106095046 9.8635553642316, 105.963474095132 9.86418076447383, 105.962676795757 9.86498626438771, 105.962439295631 9.86522936424601, 105.962245294953 9.86542736418028, 105.961928995532 9.86572966441177, 105.96180279565 9.86584326403946, 105.961611294821 9.86601346433037, 105.961348295257 9.86623156382714, 105.961049594862 9.86649496367078, 105.960748295089 9.86675746355689, 105.96044789551 9.867016564104, 105.959997195165 9.86738926374013, 105.95912689557 9.86810086370789, 105.958899295043 9.86829176378787, 105.958671394748 9.86848366323544, 105.958650994949 9.86849976345716, 105.958639695371 9.86850776352633, 105.958331594908 9.86876396317331, 105.958108394794 9.86894046334088, 105.957862995476 9.86912966361164, 105.957819695137 9.86916086373355, 105.957673095161 9.8692646631379, 105.957650794693 9.86928046389175, 105.957386594932 9.86944136362966, 105.957007494858 9.86967786355575, 105.956077294878 9.87019146332274, 105.954369794966 9.87115086288748, 105.953942894825 9.87139746293383, 105.953618594881 9.87158596274251, 105.953244995484 9.87178886323008, 105.952346095513 9.8722912626613, 105.951443194928 9.87279596264629, 105.951132395003 9.87297316259346, 105.9508615949 9.87314546240673, 105.950744494734 9.87322376263918, 105.950620794906 9.87332416317734, 105.950390494652 9.8735650627838, 105.950140995329 9.87388586293452, 105.949897394983 9.87427456251892, 105.949803195409 9.87442306305404, 105.949262094653 9.87526396264911, 105.948838194535 9.87594346243519, 105.948787494748 9.87601756230261, 105.948735194859 9.87609176284903, 105.948212694543 9.87691676256576, 105.948190894595 9.87694806220226, 105.948168494846 9.87698016282365, 105.94787919488 9.87743836283881, 105.9477291948 9.87767606262826, 105.947365494629 9.87825916245557, 105.947194895222 9.87849896264785, 105.947068894781 9.87863056242654, 105.946952395136 9.87876676261312, 105.946603695016 9.8791102618387, 105.945054194241 9.88057526181973, 105.944627794279 9.88099206232829, 105.944342694517 9.88129096229539, 105.944189694329 9.88145146225199, 105.943798094721 9.88193236202978, 105.943467794745 9.88234446209312, 105.942448694572 9.88366676219894, 105.941640494569 9.8847044609179, 105.941229494166 9.88523556108356, 105.940856194491 9.88571096078092, 105.940679694863 9.88593196077921, 105.940398293962 9.88625486026617, 105.940381493967 9.88627306054489, 105.939414794781 9.88732146091039, 105.939020894342 9.88778366036419, 105.938903294516 9.88791406007136, 105.938801894268 9.8880265605025, 105.937639694196 9.88931516000877, 105.93686019396 9.89017806043116, 105.935602893952 9.89158695979311, 105.933632494046 9.89377015979327, 105.933268094387 9.89419246011784, 105.93282449391 9.89467905978553, 105.932477694041 9.89504855945809, 105.932066094114 9.89544535935082, 105.931382793785 9.89606655949878, 105.930956994243 9.89646595954597, 105.930954693749 9.89646815962397, 105.930942293878 9.89647975972357, 105.930851894336 9.89656275979721, 105.930821294228 9.89659085987697, 105.930496693861 9.89688885920553, 105.929958194246 9.89737675950832, 105.929172693429 9.8980824595132, 105.928018193605 9.89913175893967, 105.927498593773 9.89961925894729, 105.927316094097 9.89978165909316, 105.927138893334 9.89996255893123, 105.926919294205 9.90019515865284, 105.926341193651 9.90083825913153, 105.926217593743 9.90096695885886, 105.925757193804 9.90147785888809, 105.925646894119 9.90160235888233, 105.924608293426 9.90275095902406, 105.924275693764 9.90309615861534, 105.923995993737 9.90336625870117, 105.923964993755 9.90339635872051, 105.923884293965 9.90346235908046, 105.923758293764 9.90355685900198, 105.923504593765 9.90372125842289, 105.923365193457 9.90380525871095, 105.923010193403 9.90398715902745, 105.922924093644 9.9040343583539, 105.922394494024 9.90433695830683, 105.921866593225 9.90462175856981, 105.921166793682 9.90501165811292, 105.920372193405 9.90545445849298, 105.920347793484 9.9054683580779, 105.920323293912 9.90548205796448, 105.920106393857 9.9056022583022, 105.919468993629 9.90594785800815, 105.919296593419 9.90604385823721, 105.919187693271 9.90611385841286, 105.919049493162 9.90619895857067, 105.919014493973 9.90622055853266, 105.918887893576 9.90631975823367, 105.918778393987 9.90640545811777, 105.918574593374 9.90659575857994, 105.918359993823 9.90681765771752, 105.91816989387 9.90703385798423, 105.918134693283 9.90707655780029, 105.917765893749 9.90747925813207, 105.917590593617 9.90767065821297, 105.91643549306 9.90893515829663, 105.915902893074 9.90952735760013, 105.914714592927 9.91086385790905, 105.914419193476 9.91120785767481, 105.914366893293 9.91126325739793, 105.914263593764 9.91138245766113, 105.913456993555 9.91229915776773, 105.912950693202 9.9128745579007, 105.911916493289 9.91407805763809, 105.91179859299 9.91421535759758, 105.911702793315 9.91432675759786, 105.911549293252 9.91446965726881, 105.91146739341 9.91454205689469, 105.911345693304 9.91464025694032, 105.910946392763 9.91491855765566, 105.910621092712 9.91510465691367, 105.910171293295 9.91534675681865, 105.909851292935 9.91552005669008, 105.908674693494 9.91615605702452, 105.908301593395 9.91635675680937, 105.907780293247 9.91663795736017, 105.907609693175 9.91673025706286, 105.907519393249 9.916779156659, 105.907094292753 9.91700915644493, 105.906835993223 9.91714835657378, 105.906819792729 9.91715705715294, 105.905874892819 9.91766635682588, 105.905404892799 9.91790415669876, 105.904994792683 9.9181619571024, 105.904884493351 9.91822785685421, 105.904647693513 9.91840665646723, 105.904598192875 9.91845015701992, 105.904544392901 9.91850885642254, 105.904276393298 9.91878835646166, 105.903957893268 9.91923295617136, 105.903642792728 9.91966245639103, 105.903471992811 9.91992235669402, 105.903060492696 9.92049065666088, 105.902758793385 9.92090745630593, 105.902334692746 9.92149465597571, 105.902099592692 9.92180505652075, 105.901821293213 9.92215985641202, 105.901027892749 9.92312315601899, 105.900993292917 9.92316515631608, 105.900609992946 9.92351155630741, 105.900425892675 9.92365065584915, 105.899765293154 9.92414975583154, 105.899558993066 9.92430565555417, 105.899502592456 9.92434875584154, 105.899259092623 9.92453665580051, 105.898563793199 9.92502855606148, 105.897992192752 9.92543985594054, 105.897731793186 9.92562725591125, 105.897395692598 9.92586905533457, 105.897234492794 9.92599195587397, 105.896620492607 9.92643515587437, 105.896572792732 9.92646965577791, 105.895945992556 9.92692205520869, 105.895754092301 9.9270605557232, 105.895030893011 9.92757765583787, 105.894679592863 9.92782885586377, 105.894344492941 9.92806475509041, 105.89411399297 9.92821245575417, 105.893908192506 9.92834825547626, 105.893641892435 9.92852035535559, 105.893327892902 9.92871435578076, 105.892720192736 9.92909155518553, 105.892501392467 9.92922995524126, 105.892125492879 9.92946105558107, 105.89165819251 9.92977175523807, 105.89067289306 9.93041375545827, 105.890632392317 9.93044015473484, 105.89056589248 9.93048345523579, 105.890511092826 9.93051885500619, 105.890456192726 9.9305541554263, 105.890440692575 9.93056375498639, 105.890382192679 9.93059805505585, 105.889537392774 9.93113475498443, 105.889495492899 9.93116115485163, 105.889163292409 9.93138025529103, 105.88885049296 9.93157805504387, 105.888615092155 9.93172695488764, 105.888570592711 9.93175385495315, 105.887708292313 9.93227485444992, 105.887530492343 9.93238835460541, 105.887485392938 9.93241705452652, 105.887372692783 9.93248885488158, 105.887332092432 9.93251475478792, 105.887119292173 9.93265025480085, 105.886743492762 9.93289565501775, 105.886516192626 9.93304435421631, 105.886417092973 9.93310825419803, 105.884940692511 9.93410485427956, 105.884028492301 9.93479855440926, 105.884017992856 9.93480645443742, 105.883626292442 9.93506945475815, 105.883482192669 9.93516125392288, 105.883330492329 9.93525845420487, 105.883187092923 9.9353417541404, 105.88303949243 9.93541525398853, 105.8827106922 9.93556455413004, 105.882360892941 9.93570165444218, 105.882294992563 9.93572745425457, 105.881372292845 9.93601285372096, 105.879386492869 9.93660095370343, 105.878971092581 9.9367239537918, 105.87831589213 9.93691795411385, 105.876738392413 9.93737195415916, 105.876563092647 9.93742235367812, 105.876037292528 9.937573653755, 105.875879192378 9.93761915379087, 105.874131692572 9.93814105325492, 105.873956992259 9.93819325368505, 105.873607492962 9.93829765348315, 105.872269392402 9.93869735313348, 105.868549092263 9.93978635314586, 105.868239393085 9.93987525313084, 105.867854893021 9.93998915312945, 105.867650192844 9.940049753222, 105.866546392585 9.94036565281072, 105.865810192564 9.94058885297341, 105.865203992419 9.94077365238302, 105.864884892296 9.94090035309599, 105.864603192592 9.94104835306082, 105.864302792554 9.94123865226884, 105.86252839245 9.94258995198923, 105.862103392664 9.94291355263818, 105.860611492732 9.94400995249253, 105.860486292335 9.94410475249477, 105.859730092391 9.9446851520528, 105.859497392208 9.94485115243422, 105.859410792327 9.94491565242504, 105.859400192284 9.94492415218752, 105.859389392184 9.94493235197909, 105.858877792299 9.94532025245873, 105.857887192168 9.94607005206111, 105.857100892182 9.94666215189769, 105.856882492363 9.94682655206108, 105.85593009247 9.94755595150884, 105.855073592606 9.94820575165446, 105.855054792906 9.9482197519375, 105.855035992184 9.94823365185738, 105.854853092393 9.94836865184863, 105.854825892321 9.94838875154226, 105.854793092732 9.9484141520121, 105.853830592403 9.94914555104499, 105.853737592339 9.94921925184026, 105.853125692558 9.94967915161964, 105.852237592226 9.95034625148772, 105.851901992527 9.95060135114213, 105.851468292074 9.95093095079398, 105.850602092467 9.9515893515455, 105.850263092056 9.95184535103079, 105.849318092083 9.95253275111267, 105.848994492466 9.95277805136528, 105.848645992201 9.95304225100407, 105.848044292278 9.95349825050383, 105.847758392425 9.95371965102434, 105.847638491883 9.95382415081891, 105.847592192189 9.95387105052733, 105.847515891916 9.95395735094611, 105.84733329225 9.95416915080277, 105.847161292654 9.95436865093259, 105.846903892411 9.95465915065941, 105.846458792251 9.95517315037678, 105.846284092494 9.95536275036648, 105.845818691795 9.95588505072704, 105.845800692304 9.95590625052253, 105.845782491847 9.95592715033935, 105.845307591714 9.95648165024359, 105.844957491985 9.95688555083728, 105.844868792222 9.95698675070053, 105.844696292171 9.95717975003739, 105.844264191869 9.95766425027369, 105.84419069238 9.95774865012969, 105.843696891861 9.95830545036449, 105.842188391912 9.96002515032554, 105.841660792152 9.9606843501617, 105.841125792077 9.96129734986447, 105.840592391638 9.96190864998741, 105.840242291828 9.96231654956841, 105.839942092224 9.96266704988863, 105.839889992063 9.9627278498288, 105.839851792047 9.96277234963912, 105.839568292239 9.96310255022014, 105.838206291586 9.96466044947757, 105.837580891953 9.96538824966998, 105.835786591263 9.96740864894471, 105.835545792051 9.96768634948411, 105.834989291138 9.96832814943833, 105.834867291458 9.96846194943982, 105.834862291627 9.96846744912041, 105.834782391504 9.96855504968271, 105.83474549195 9.9685989490699, 105.834275691354 9.96915654925349, 105.834149891871 9.96928724878079, 105.834027291956 9.96942074890484, 105.833830691501 9.96966424886233, 105.83368789187 9.96984104916684, 105.833516691579 9.97004624896469, 105.833169491229 9.9704182492124, 105.83302179151 9.97057644894736, 105.832612491818 9.9709238492476, 105.832488391713 9.97102994933223, 105.831799291488 9.97154504868796, 105.831738191598 9.97159044923723, 105.830886691434 9.97219444923555, 105.830738491164 9.97229954906372, 105.829997491109 9.97282504905913, 105.829885891243 9.97290564898889, 105.829857391603 9.97292854915222, 105.82983819133 9.97294214882744, 105.829242591142 9.97335864902034, 105.828879591369 9.97361504834317, 105.828847191327 9.97363684827092, 105.828814791482 9.97365884892213, 105.828592691032 9.97381874850557, 105.828252290921 9.97405974852568, 105.827812591141 9.97438174859023, 105.827399591734 9.97467984807749, 105.827371991596 9.97470234841274, 105.827190390923 9.97485024874502, 105.826981191727 9.97503254821902, 105.82653859132 9.97549614863573, 105.825934291138 9.97608444839564, 105.825428291182 9.97662824812341, 105.825389891284 9.97667804862814, 105.825326891343 9.97681614857003, 105.825320191643 9.9768286480814, 105.825315891381 9.97683534859067, 105.825312591327 9.97683984826819, 105.825305990842 9.97684754832495, 105.825304191657 9.97684884847395, 105.825300590965 9.97685094786158, 105.825255190834 9.97687974849481, 105.825257691229 9.97688744781409, 105.825259991064 9.97689524859647, 105.82526209115 9.97690304866939, 105.825263891255 9.976910948494, 105.825265591129 9.9769189478755, 105.825266990825 9.97692684809053, 105.825268190971 9.97693494832264, 105.825269191269 9.97694294838626, 105.825260491229 9.97698934824851, 105.825246590855 9.97703434809415, 105.825227691419 9.97707764844467, 105.825204091195 9.97711834845083, 105.825176090973 9.97715624799591, 105.825143991051 9.97719064785929, 105.825108191443 9.97722114800498, 105.825069391526 9.97724754792757, 105.825042691425 9.97725734807203, 105.825010291377 9.97726504794617, 105.824977191532 9.97726884789073, 105.824962891591 9.97726874789649, 105.824899191109 9.97732794837925, 105.824623491552 9.97758834778422, 105.824368391343 9.97787184848623, 105.823183291245 9.97915894837149, 105.823151891116 9.97919304809161, 105.822406691282 9.97997544806728, 105.822353491463 9.98003154746376, 105.822301890992 9.98008624745261, 105.821155991261 9.98129834740023, 105.821090091189 9.98136784785214, 105.820912291325 9.98156624753023, 105.820791490607 9.98170114726133, 105.820274190708 9.98227854770139, 105.820243691373 9.98231194736738, 105.820220891417 9.98233814783162, 105.820004490955 9.98257304766949, 105.81982919059 9.98274974782447, 105.819781990834 9.98280134732484, 105.819759391148 9.9828253477102, 105.81974759127 9.98283854731731, 105.819735690961 9.98285164756117, 105.819014690983 9.98360934757493, 105.817315290524 9.98542434691788, 105.817200890488 9.98554374718307, 105.816815790809 9.98596334758582, 105.816466090613 9.986344347286, 105.816101590348 9.98674134738486, 105.815353290805 9.98751224676461, 105.815002090393 9.987906447363, 105.814504290702 9.98843794659384, 105.814205091009 9.98875274693347, 105.814187490848 9.98877204686332, 105.814168890462 9.98879174647639, 105.814146890232 9.9888158471996, 105.814124490484 9.98883994648975, 105.813922390855 9.98905104655761, 105.813708890644 9.9892806467106, 105.813660791019 9.98933274714105, 105.813609690568 9.98938304656105, 105.813478490413 9.98952764720079, 105.81334199023 9.98967084678419, 105.813216890946 9.98980194678012, 105.812841890856 9.99019534658139, 105.812715290217 9.99032974714002, 105.812293690468 9.99076974694845, 105.811756290923 9.99135694668959, 105.811686590785 9.99143054663684, 105.810837590483 9.99232764660306, 105.81003599091 9.99320404630754, 105.809901090752 9.99335154601717, 105.809642590721 9.99362834639322, 105.80932119059 9.99394464601359, 105.809185690887 9.99407804630056, 105.808416190042 9.99488364631896, 105.808062190829 9.99528114635276, 105.807933490443 9.99542554637999, 105.807496590599 9.99591944604394, 105.806691389902 9.99681574585749, 105.806645190203 9.99686914648221, 105.806598889964 9.99692234646657, 105.806547790463 9.99698094607504, 105.806228890499 9.99730974617014, 105.806180490095 9.99735974634734, 105.806132090494 9.99740964615363, 105.805659390019 9.99786104584654, 105.805309490538 9.99824264572288, 105.805249089964 9.99832634542729, 105.805079489869 9.99850614598548, 105.804713090273 9.99891554567597, 105.804373089853 9.9992763458527, 105.803736790616 9.99991684604707, 105.80337539025 10.0003087457855, 105.803001890264 10.0007254459271, 105.802941090111 10.0007826460356, 105.801360590394 10.0024744451526, 105.801282490285 10.002553345465, 105.799911289694 10.0040391455206, 105.799783690398 10.004184345342, 105.799616189641 10.0043592452261, 105.799490789831 10.0044900448761, 105.79924009025 10.0047516448541, 105.798836690296 10.0051579449723, 105.798556489558 10.0054471446754, 105.798443789673 10.0055515451039, 105.798392789992 10.0056096452202, 105.798391489694 10.005624144833, 105.79838748963 10.005643945333, 105.798382090014 10.0056664451466, 105.798374090325 10.0056875449169, 105.798361989851 10.0057100453154, 105.798349889922 10.005731145146, 105.798329789833 10.0057588453952, 105.798309690192 10.0057800446245, 105.798286890139 10.0057998448029, 105.79825868999 10.0058196453007, 105.798230589901 10.0058341454326, 105.798217190284 10.0058394450611, 105.798205089608 10.005844745333, 105.79818358985 10.0058500449882, 105.797993089723 10.006034144791, 105.797778090177 10.0063004450821, 105.797456989758 10.0066335447493, 105.797333390059 10.006719544655, 105.797242190278 10.0067837448368, 105.797124189892 10.0068682450619, 105.796952490094 10.0069475453612, 105.796796889452 10.0070109448524, 105.796346190064 10.0071872449427, 105.795555089438 10.0074968449314, 105.795468489912 10.0075315445503, 105.794416989524 10.0079528443504, 105.793917789868 10.0081753450018, 105.793418589516 10.0083978449204, 105.793401289537 10.008405544769, 105.793247090187 10.0084595443026, 105.792468490259 10.0087323442173, 105.792453089509 10.0087503445207, 105.792437789899 10.0087641448402, 105.79242128942 10.0087764443797, 105.792403589717 10.0087870442191, 105.792384990078 10.0087960444586, 105.792365589752 10.0088032442838, 105.792345590242 10.0088085440581, 105.792314089795 10.0088137445355, 105.792305390003 10.0088134447629, 105.792300090288 10.0088135443596, 105.792294789571 10.0088135444978, 105.79228939016 10.0088133449, 105.792284090088 10.0088130448512, 105.792278689585 10.0088126445272, 105.792273289815 10.0088120443797, 105.79226098973 10.008810844499, 105.792191689661 10.0088451447068, 105.791850889485 10.0089902440366, 105.790809389734 10.0093909439378, 105.790200989633 10.0096357438626, 105.789278690282 10.0100009437754, 105.78915609021 10.0100474445601, 105.788983689518 10.0101171445202, 105.787501690306 10.010715544066, 105.787423590266 10.0107425442671, 105.786606689893 10.0110823442337, 105.786144489837 10.011280343601, 105.785458289484 10.0115604440172, 105.785140689941 10.0116683442111, 105.784424989976 10.0119534435123, 105.782492590055 10.0127421436705, 105.782390890101 10.0127855437179, 105.780408589776 10.0135442430728, 105.780137989842 10.0136610430268, 105.779884689989 10.0137825434757, 105.77951878972 10.013977742891, 105.77901979028 10.0142752436432, 105.778431989654 10.0146273434988, 105.777602790197 10.0151416434764, 105.777515589874 10.0151879432066, 105.777372390027 10.015212642776, 105.776724090305 10.0155767433776, 105.776399589904 10.0157424432901, 105.776327789955 10.0157789431044, 105.776237489932 10.0158256429214, 105.775840689601 10.0160295432508, 105.775531889844 10.0161927428177, 105.775396589998 10.016256342604, 105.775191290188 10.0163451427381, 105.775130690219 10.0163742431924, 105.775047489952 10.016411642788, 105.774883289862 10.0164932431193, 105.774718990088 10.0165746427265, 105.774586390002 10.0166403430716, 105.774124889593 10.0168687428727, 105.772793089686 10.017520542898, 105.772716090074 10.0175590426386, 105.772638889591 10.0175973427035, 105.770871589624 10.01846454244, 105.770673690262 10.0185627426642, 105.770639589652 10.0186087423875, 105.770593789868 10.0186470426283, 105.768811590055 10.0195361420208, 105.768792889594 10.0195771425664, 105.768784689498 10.0196201418872, 105.768783390094 10.0196761422027, 105.768788889539 10.0197322419016, 105.768797489715 10.0198006422202, 105.768798889887 10.0198592425706, 105.769345889725 10.0203250425924, 105.769726689493 10.0206900425515, 105.770269989654 10.0211606424272, 105.770853489136 10.0216660419704, 105.7712857897 10.0220493419529, 105.771863289443 10.0225476422124, 105.772115189655 10.0227902424491, 105.772190989094 10.0228566426974, 105.772745589207 10.02333964245, 105.773044189118 10.0235937426729, 105.773307389736 10.023817642435, 105.773626189115 10.0241141421773, 105.773951389688 10.0244089427911, 105.77412688966 10.0245797423375, 105.774243589086 10.0246734424595, 105.774932089179 10.0252634427125, 105.775132988736 10.0254355425652, 105.777027488637 10.02708744297, 105.777564989338 10.027455642586, 105.777809589133 10.0276184427138, 105.777991988978 10.0277716426769, 105.778394288477 10.0281440427589, 105.778885888674 10.0285872428874, 105.779472488956 10.0291160428073, 105.779681788281 10.029298342616, 105.779805088904 10.0294118428729, 105.779925788479 10.0295228425181, 105.779818488651 10.0296337423737, 105.779700488374 10.0295333427732, 105.779279988465 10.0291548429592, 105.778240488598 10.028220442519, 105.77794098907 10.0279512428541, 105.777763988699 10.0277980428695, 105.776943288651 10.0272245428236, 105.776446889043 10.0267821429474, 105.775930589324 10.0263439424429, 105.774865389262 10.0253791429136, 105.774102789172 10.0247553423238, 105.773982089658 10.0246497428828, 105.773453989751 10.0241453424684, 105.772876389776 10.0236316426025, 105.772597888967 10.0233839426659, 105.772323089817 10.0231508427927, 105.771969289626 10.0228501424654, 105.771652289393 10.0225769419945, 105.770758289155 10.0217899419992, 105.770553089929 10.0216196421588, 105.770269889596 10.0213592421113, 105.769697389745 10.0208433423123, 105.769305189991 10.0204520418451, 105.769038689917 10.0202293421456, 105.76873768997 10.0200220420349, 105.768592089413 10.0198931419487, 105.768537389727 10.019885042253, 105.768493889436 10.0198781423806, 105.768398389574 10.0198719418554, 105.768303089988 10.0198774420886, 105.76823519013 10.0198855422836, 105.768168189815 10.0198915422408, 105.768111790242 10.0198962424651, 105.767949090266 10.0199782423976, 105.767015589956 10.0204493421606, 105.766686189563 10.0206110420744, 105.765821289561 10.0210455420772, 105.764936889868 10.0214638417334, 105.764936889868 10.0214638417334, 105.764745590014 10.0215019416562, 105.763424090198 10.0224432420832, 105.763273490041 10.0225566412744, 105.763030789651 10.0227268414, 105.762509189412 10.0231062415725, 105.762301189802 10.0232542415264, 105.762083090107 10.0234094411459)'), ST_GeomFromText('LINESTRING(105.762098871778 10.0234208389207, 105.761876016501 10.0235563100794, 105.761144660731 10.0240559254559, 105.760879589021 10.0242470841918, 105.760424129455 10.0245897666882, 105.760096355613 10.0248216087775, 105.759782777761 10.0250467023881, 105.759632366996 10.0251398617721, 105.759372055679 10.0253390736158, 105.758967709353 10.0255966912989, 105.758732080529 10.0257716446686, 105.757603282092 10.0264985068533, 105.756715040345 10.0271095007719, 105.75568447759 10.0278547597409, 105.755254145317 10.0281009078747, 105.754448055651 10.0286770589449, 105.754142709354 10.02888364877, 105.753870153579 10.029115389076, 105.753460590925 10.029433828851, 105.753246064756 10.0296099958693, 105.753122215656 10.0297166831478, 105.752968238352 10.0298473950128, 105.752139828892 10.0305342525425, 105.751996337822 10.0306706588088, 105.7518893303 10.0305824867803, 105.752091947022 10.0304161857919, 105.752917898542 10.0297458450809, 105.753020554047 10.0296472323444, 105.753381839102 10.0293557916001, 105.753557687579 10.0292162098871, 105.753712062786 10.0290969273085, 105.754280338505 10.0286281263605, 105.754729823685 10.0283067151526, 105.75539111251 10.0278520504089, 105.75581378104 10.0275730616573, 105.756088519113 10.027373968585, 105.756524258684 10.0270951864605, 105.756728572215 10.0269399513169, 105.757210454697 10.0266102386408, 105.757796721047 10.0262270617045, 105.75864456606 10.0256561274264, 105.75897738979 10.0254524609871, 105.759383936203 10.0251671960663, 105.759639828114 10.0249721849206, 105.760019618727 10.024703979966, 105.760259347588 10.0245430039333, 105.760704672437 10.0242349395493, 105.760837130107 10.0241530983168, 105.760929027692 10.0240626912805, 105.761103956279 10.023931202201, 105.762066996853 10.0232932252576, 105.762234134577 10.023169720844, 105.762420676514 10.0230270033973, 105.762955687799 10.0226608095113, 105.763176930517 10.0224826855194, 105.76330875521 10.0223719275805, 105.764630255027 10.0214200618029, 105.764757181864 10.0213846031568, 105.764843012553 10.0213449838612, 105.765821289561 10.0210455420772, 105.766686189563 10.0206110420744, 105.767015589956 10.0204493421606, 105.767949090266 10.0199782423976, 105.768111790242 10.0198962424651, 105.768168189815 10.0198915422408, 105.76823519013 10.0198855422836, 105.768303089988 10.0198774420886, 105.768398389574 10.0198719418554, 105.768493889436 10.0198781423806, 105.768537389727 10.019885042253, 105.768592089413 10.0198931419487, 105.76873768997 10.0200220420349, 105.769038689917 10.0202293421456, 105.769305189991 10.0204520418451, 105.769697389745 10.0208433423123, 105.770269889596 10.0213592421113, 105.770553089929 10.0216196421588, 105.770758289155 10.0217899419992, 105.771652289393 10.0225769419945, 105.771969289626 10.0228501424654, 105.772323089817 10.0231508427927, 105.772597888967 10.0233839426659, 105.772876389776 10.0236316426025, 105.773453989751 10.0241453424684, 105.773982089658 10.0246497428828, 105.774102789172 10.0247553423238, 105.774865389262 10.0253791429136, 105.775930589324 10.0263439424429, 105.776446889043 10.0267821429474, 105.776943288651 10.0272245428236, 105.777763988699 10.0277980428695, 105.77794098907 10.0279512428541, 105.778240488598 10.028220442519, 105.779279988465 10.0291548429592, 105.779700488374 10.0295333427732, 105.779818488651 10.0296337423737, 105.779925788479 10.0295228425181, 105.779805088904 10.0294118428729, 105.779681788281 10.029298342616, 105.779472488956 10.0291160428073, 105.778885888674 10.0285872428874, 105.778394288477 10.0281440427589, 105.777991988978 10.0277716426769, 105.777809589133 10.0276184427138, 105.777564989338 10.027455642586, 105.777027488637 10.02708744297, 105.775132988736 10.0254355425652, 105.774932089179 10.0252634427125, 105.774243589086 10.0246734424595, 105.77412688966 10.0245797423375, 105.773951389688 10.0244089427911, 105.773626189115 10.0241141421773, 105.773307389736 10.023817642435, 105.773044189118 10.0235937426729, 105.772745589207 10.02333964245, 105.772190989094 10.0228566426974, 105.772115189655 10.0227902424491, 105.771863289443 10.0225476422124, 105.7712857897 10.0220493419529, 105.770853489136 10.0216660419704, 105.770269989654 10.0211606424272, 105.769726689493 10.0206900425515, 105.769345889725 10.0203250425924, 105.768798889887 10.0198592425706, 105.768797489715 10.0198006422202, 105.768788889539 10.0197322419016, 105.768783390094 10.0196761422027, 105.768784689498 10.0196201418872, 105.768792889594 10.0195771425664, 105.768811590055 10.0195361420208, 105.770593789868 10.0186470426283, 105.770639589652 10.0186087423875, 105.770673690262 10.0185627426642, 105.770871589624 10.01846454244, 105.772638889591 10.0175973427035, 105.772716090074 10.0175590426386, 105.772793089686 10.017520542898, 105.774124889593 10.0168687428727, 105.774586390002 10.0166403430716, 105.774718990088 10.0165746427265, 105.774883289862 10.0164932431193, 105.775047489952 10.016411642788, 105.775130690219 10.0163742431924, 105.775191290188 10.0163451427381, 105.775396589998 10.016256342604, 105.775531889844 10.0161927428177, 105.775840689601 10.0160295432508, 105.776237489932 10.0158256429214, 105.776327789955 10.0157789431044, 105.776399589904 10.0157424432901, 105.776724090305 10.0155767433776, 105.777372390027 10.015212642776, 105.777515589874 10.0151879432066, 105.777602790197 10.0151416434764, 105.778431989654 10.0146273434988, 105.77901979028 10.0142752436432, 105.77951878972 10.013977742891, 105.779884689989 10.0137825434757, 105.780137989842 10.0136610430268, 105.780408589776 10.0135442430728, 105.782390890101 10.0127855437179, 105.782492590055 10.0127421436705, 105.784424989976 10.0119534435123, 105.785140689941 10.0116683442111, 105.785458289484 10.0115604440172, 105.786144489837 10.011280343601, 105.786606689893 10.0110823442337, 105.787423590266 10.0107425442671, 105.787501690306 10.010715544066, 105.788983689518 10.0101171445202, 105.78915609021 10.0100474445601, 105.789278690282 10.0100009437754, 105.790200989633 10.0096357438626, 105.790809389734 10.0093909439378, 105.791850889485 10.0089902440366, 105.792191689661 10.0088451447068, 105.79226098973 10.008810844499, 105.792273289815 10.0088120443797, 105.792278689585 10.0088126445272, 105.792284090088 10.0088130448512, 105.79228939016 10.0088133449, 105.792294789571 10.0088135444978, 105.792300090288 10.0088135443596, 105.792305390003 10.0088134447629, 105.792314089795 10.0088137445355, 105.792345590242 10.0088085440581, 105.792365589752 10.0088032442838, 105.792384990078 10.0087960444586, 105.792403589717 10.0087870442191, 105.79242128942 10.0087764443797, 105.792437789899 10.0087641448402, 105.792453089509 10.0087503445207, 105.792468490259 10.0087323442173, 105.793247090187 10.0084595443026, 105.793401289537 10.008405544769, 105.793418589516 10.0083978449204, 105.793917789868 10.0081753450018, 105.794416989524 10.0079528443504, 105.795468489912 10.0075315445503, 105.795555089438 10.0074968449314, 105.796346190064 10.0071872449427, 105.796796889452 10.0070109448524, 105.796952490094 10.0069475453612, 105.797124189892 10.0068682450619, 105.797242190278 10.0067837448368, 105.797333390059 10.006719544655, 105.797456989758 10.0066335447493, 105.797778090177 10.0063004450821, 105.797993089723 10.006034144791, 105.79818358985 10.0058500449882, 105.798205089608 10.005844745333, 105.798217190284 10.0058394450611, 105.798230589901 10.0058341454326, 105.79825868999 10.0058196453007, 105.798286890139 10.0057998448029, 105.798309690192 10.0057800446245, 105.798329789833 10.0057588453952, 105.798349889922 10.005731145146, 105.798361989851 10.0057100453154, 105.798374090325 10.0056875449169, 105.798382090014 10.0056664451466, 105.79838748963 10.005643945333, 105.798391489694 10.005624144833, 105.798392789992 10.0056096452202, 105.798443789673 10.0055515451039, 105.798556489558 10.0054471446754, 105.798836690296 10.0051579449723, 105.79924009025 10.0047516448541, 105.799490789831 10.0044900448761, 105.799616189641 10.0043592452261, 105.799783690398 10.004184345342, 105.799911289694 10.0040391455206, 105.801282490285 10.002553345465, 105.801360590394 10.0024744451526, 105.802941090111 10.0007826460356, 105.803001890264 10.0007254459271, 105.80337539025 10.0003087457855, 105.803736790616 9.99991684604707, 105.804373089853 9.9992763458527, 105.804713090273 9.99891554567597, 105.805079489869 9.99850614598548, 105.805249089964 9.99832634542729, 105.805309490538 9.99824264572288, 105.805659390019 9.99786104584654, 105.806132090494 9.99740964615363, 105.806180490095 9.99735974634734, 105.806228890499 9.99730974617014, 105.806547790463 9.99698094607504, 105.806598889964 9.99692234646657, 105.806645190203 9.99686914648221, 105.806691389902 9.99681574585749, 105.807496590599 9.99591944604394, 105.807933490443 9.99542554637999, 105.808062190829 9.99528114635276, 105.808416190042 9.99488364631896, 105.809185690887 9.99407804630056, 105.80932119059 9.99394464601359, 105.809642590721 9.99362834639322, 105.809901090752 9.99335154601717, 105.81003599091 9.99320404630754, 105.810837590483 9.99232764660306, 105.811686590785 9.99143054663684, 105.811756290923 9.99135694668959, 105.812293690468 9.99076974694845, 105.812715290217 9.99032974714002, 105.812841890856 9.99019534658139, 105.813216890946 9.98980194678012, 105.81334199023 9.98967084678419, 105.813478490413 9.98952764720079, 105.813609690568 9.98938304656105, 105.813660791019 9.98933274714105, 105.813708890644 9.9892806467106, 105.813922390855 9.98905104655761, 105.814124490484 9.98883994648975, 105.814146890232 9.9888158471996, 105.814168890462 9.98879174647639, 105.814187490848 9.98877204686332, 105.814205091009 9.98875274693347, 105.814504290702 9.98843794659384, 105.815002090393 9.987906447363, 105.815353290805 9.98751224676461, 105.816101590348 9.98674134738486, 105.816466090613 9.986344347286, 105.816815790809 9.98596334758582, 105.817200890488 9.98554374718307, 105.817315290524 9.98542434691788, 105.819014690983 9.98360934757493, 105.819735690961 9.98285164756117, 105.81974759127 9.98283854731731, 105.819759391148 9.9828253477102, 105.819781990834 9.98280134732484, 105.81982919059 9.98274974782447, 105.820004490955 9.98257304766949, 105.820220891417 9.98233814783162, 105.820243691373 9.98231194736738, 105.820274190708 9.98227854770139, 105.820791490607 9.98170114726133, 105.820912291325 9.98156624753023, 105.821090091189 9.98136784785214, 105.821155991261 9.98129834740023, 105.822301890992 9.98008624745261, 105.822353491463 9.98003154746376, 105.822406691282 9.97997544806728, 105.823151891116 9.97919304809161, 105.823183291245 9.97915894837149, 105.824368391343 9.97787184848623, 105.824623491552 9.97758834778422, 105.824899191109 9.97732794837925, 105.824962891591 9.97726874789649, 105.824977191532 9.97726884789073, 105.825010291377 9.97726504794617, 105.825042691425 9.97725734807203, 105.825069391526 9.97724754792757, 105.825108191443 9.97722114800498, 105.825143991051 9.97719064785929, 105.825176090973 9.97715624799591, 105.825204091195 9.97711834845083, 105.825227691419 9.97707764844467, 105.825246590855 9.97703434809415, 105.825260491229 9.97698934824851, 105.825269191269 9.97694294838626, 105.825268190971 9.97693494832264, 105.825266990825 9.97692684809053, 105.825265591129 9.9769189478755, 105.825263891255 9.976910948494, 105.82526209115 9.97690304866939, 105.825259991064 9.97689524859647, 105.825257691229 9.97688744781409, 105.825255190834 9.97687974849481, 105.825300590965 9.97685094786158, 105.825304191657 9.97684884847395, 105.825305990842 9.97684754832495, 105.825312591327 9.97683984826819, 105.825315891381 9.97683534859067, 105.825320191643 9.9768286480814, 105.825326891343 9.97681614857003, 105.825389891284 9.97667804862814, 105.825428291182 9.97662824812341, 105.825934291138 9.97608444839564, 105.82653859132 9.97549614863573, 105.826981191727 9.97503254821902, 105.827190390923 9.97485024874502, 105.827371991596 9.97470234841274, 105.827399591734 9.97467984807749, 105.827812591141 9.97438174859023, 105.828252290921 9.97405974852568, 105.828592691032 9.97381874850557, 105.828814791482 9.97365884892213, 105.828847191327 9.97363684827092, 105.828879591369 9.97361504834317, 105.829242591142 9.97335864902034, 105.82983819133 9.97294214882744, 105.829857391603 9.97292854915222, 105.829885891243 9.97290564898889, 105.829997491109 9.97282504905913, 105.830738491164 9.97229954906372, 105.830886691434 9.97219444923555, 105.831738191598 9.97159044923723, 105.831799291488 9.97154504868796, 105.832488391713 9.97102994933223, 105.832612491818 9.9709238492476, 105.83302179151 9.97057644894736, 105.833169491229 9.9704182492124, 105.833516691579 9.97004624896469, 105.83368789187 9.96984104916684, 105.833830691501 9.96966424886233, 105.834027291956 9.96942074890484, 105.834149891871 9.96928724878079, 105.834275691354 9.96915654925349, 105.83474549195 9.9685989490699, 105.834782391504 9.96855504968271, 105.834862291627 9.96846744912041, 105.834867291458 9.96846194943982, 105.834989291138 9.96832814943833, 105.835545792051 9.96768634948411, 105.835786591263 9.96740864894471, 105.837580891953 9.96538824966998, 105.838206291586 9.96466044947757, 105.839568292239 9.96310255022014, 105.839851792047 9.96277234963912, 105.839889992063 9.9627278498288, 105.839942092224 9.96266704988863, 105.840242291828 9.96231654956841, 105.840592391638 9.96190864998741, 105.841125792077 9.96129734986447, 105.841660792152 9.9606843501617, 105.842188391912 9.96002515032554, 105.843696891861 9.95830545036449, 105.84419069238 9.95774865012969, 105.844264191869 9.95766425027369, 105.844696292171 9.95717975003739, 105.844868792222 9.95698675070053, 105.844957491985 9.95688555083728, 105.845307591714 9.95648165024359, 105.845782491847 9.95592715033935, 105.845800692304 9.95590625052253, 105.845818691795 9.95588505072704, 105.846284092494 9.95536275036648, 105.846458792251 9.95517315037678, 105.846903892411 9.95465915065941, 105.847161292654 9.95436865093259, 105.84733329225 9.95416915080277, 105.847515891916 9.95395735094611, 105.847592192189 9.95387105052733, 105.847638491883 9.95382415081891, 105.847758392425 9.95371965102434, 105.848044292278 9.95349825050383, 105.848645992201 9.95304225100407, 105.848994492466 9.95277805136528, 105.849318092083 9.95253275111267, 105.850263092056 9.95184535103079, 105.850602092467 9.9515893515455, 105.851468292074 9.95093095079398, 105.851901992527 9.95060135114213, 105.852237592226 9.95034625148772, 105.853125692558 9.94967915161964, 105.853737592339 9.94921925184026, 105.853830592403 9.94914555104499, 105.854793092732 9.9484141520121, 105.854825892321 9.94838875154226, 105.854853092393 9.94836865184863, 105.855035992184 9.94823365185738, 105.855054792906 9.9482197519375, 105.855073592606 9.94820575165446, 105.85593009247 9.94755595150884, 105.856882492363 9.94682655206108, 105.857100892182 9.94666215189769, 105.857887192168 9.94607005206111, 105.858877792299 9.94532025245873, 105.859389392184 9.94493235197909, 105.859400192284 9.94492415218752, 105.859410792327 9.94491565242504, 105.859497392208 9.94485115243422, 105.859730092391 9.9446851520528, 105.860486292335 9.94410475249477, 105.860611492732 9.94400995249253, 105.862103392664 9.94291355263818, 105.86252839245 9.94258995198923, 105.864302792554 9.94123865226884, 105.864603192592 9.94104835306082, 105.864884892296 9.94090035309599, 105.865203992419 9.94077365238302, 105.865810192564 9.94058885297341, 105.866546392585 9.94036565281072, 105.867650192844 9.940049753222, 105.867854893021 9.93998915312945, 105.868239393085 9.93987525313084, 105.868549092263 9.93978635314586, 105.872269392402 9.93869735313348, 105.873607492962 9.93829765348315, 105.873956992259 9.93819325368505, 105.874131692572 9.93814105325492, 105.875879192378 9.93761915379087, 105.876037292528 9.937573653755, 105.876563092647 9.93742235367812, 105.876738392413 9.93737195415916, 105.87831589213 9.93691795411385, 105.878971092581 9.9367239537918, 105.879386492869 9.93660095370343, 105.881372292845 9.93601285372096, 105.882294992563 9.93572745425457, 105.882360892941 9.93570165444218, 105.8827106922 9.93556455413004, 105.88303949243 9.93541525398853, 105.883187092923 9.9353417541404, 105.883330492329 9.93525845420487, 105.883482192669 9.93516125392288, 105.883626292442 9.93506945475815, 105.884017992856 9.93480645443742, 105.884028492301 9.93479855440926, 105.884940692511 9.93410485427956, 105.886417092973 9.93310825419803, 105.886516192626 9.93304435421631, 105.886743492762 9.93289565501775, 105.887119292173 9.93265025480085, 105.887332092432 9.93251475478792, 105.887372692783 9.93248885488158, 105.887485392938 9.93241705452652, 105.887530492343 9.93238835460541, 105.887708292313 9.93227485444992, 105.888570592711 9.93175385495315, 105.888615092155 9.93172695488764, 105.88885049296 9.93157805504387, 105.889163292409 9.93138025529103, 105.889495492899 9.93116115485163, 105.889537392774 9.93113475498443, 105.890382192679 9.93059805505585, 105.890440692575 9.93056375498639, 105.890456192726 9.9305541554263, 105.890511092826 9.93051885500619, 105.89056589248 9.93048345523579, 105.890632392317 9.93044015473484, 105.89067289306 9.93041375545827, 105.89165819251 9.92977175523807, 105.892125492879 9.92946105558107, 105.892501392467 9.92922995524126, 105.892720192736 9.92909155518553, 105.893327892902 9.92871435578076, 105.893641892435 9.92852035535559, 105.893908192506 9.92834825547626, 105.89411399297 9.92821245575417, 105.894344492941 9.92806475509041, 105.894679592863 9.92782885586377, 105.895030893011 9.92757765583787, 105.895754092301 9.9270605557232, 105.895945992556 9.92692205520869, 105.896572792732 9.92646965577791, 105.896620492607 9.92643515587437, 105.897234492794 9.92599195587397, 105.897395692598 9.92586905533457, 105.897731793186 9.92562725591125, 105.897992192752 9.92543985594054, 105.898563793199 9.92502855606148, 105.899259092623 9.92453665580051, 105.899502592456 9.92434875584154, 105.899558993066 9.92430565555417, 105.899765293154 9.92414975583154, 105.900425892675 9.92365065584915, 105.900609992946 9.92351155630741, 105.900993292917 9.92316515631608, 105.901027892749 9.92312315601899, 105.901821293213 9.92215985641202, 105.902099592692 9.92180505652075, 105.902334692746 9.92149465597571, 105.902758793385 9.92090745630593, 105.903060492696 9.92049065666088, 105.903471992811 9.91992235669402, 105.903642792728 9.91966245639103, 105.903957893268 9.91923295617136, 105.904276393298 9.91878835646166, 105.904544392901 9.91850885642254, 105.904598192875 9.91845015701992, 105.904647693513 9.91840665646723, 105.904884493351 9.91822785685421, 105.904994792683 9.9181619571024, 105.905404892799 9.91790415669876, 105.905874892819 9.91766635682588, 105.906819792729 9.91715705715294, 105.906835993223 9.91714835657378, 105.907094292753 9.91700915644493, 105.907519393249 9.916779156659, 105.907609693175 9.91673025706286, 105.907780293247 9.91663795736017, 105.908301593395 9.91635675680937, 105.908674693494 9.91615605702452, 105.909851292935 9.91552005669008, 105.910171293295 9.91534675681865, 105.910621092712 9.91510465691367, 105.910946392763 9.91491855765566, 105.911345693304 9.91464025694032, 105.91146739341 9.91454205689469, 105.911549293252 9.91446965726881, 105.911702793315 9.91432675759786, 105.91179859299 9.91421535759758, 105.911916493289 9.91407805763809, 105.912950693202 9.9128745579007, 105.913456993555 9.91229915776773, 105.914263593764 9.91138245766113, 105.914366893293 9.91126325739793, 105.914419193476 9.91120785767481, 105.914714592927 9.91086385790905, 105.915902893074 9.90952735760013, 105.91643549306 9.90893515829663, 105.917590593617 9.90767065821297, 105.917765893749 9.90747925813207, 105.918134693283 9.90707655780029, 105.91816989387 9.90703385798423, 105.918359993823 9.90681765771752, 105.918574593374 9.90659575857994, 105.918778393987 9.90640545811777, 105.918887893576 9.90631975823367, 105.919014493973 9.90622055853266, 105.919049493162 9.90619895857067, 105.919187693271 9.90611385841286, 105.919296593419 9.90604385823721, 105.919468993629 9.90594785800815, 105.920106393857 9.9056022583022, 105.920323293912 9.90548205796448, 105.920347793484 9.9054683580779, 105.920372193405 9.90545445849298, 105.921166793682 9.90501165811292, 105.921866593225 9.90462175856981, 105.922394494024 9.90433695830683, 105.922924093644 9.9040343583539, 105.923010193403 9.90398715902745, 105.923365193457 9.90380525871095, 105.923504593765 9.90372125842289, 105.923758293764 9.90355685900198, 105.923884293965 9.90346235908046, 105.923964993755 9.90339635872051, 105.923995993737 9.90336625870117, 105.924275693764 9.90309615861534, 105.924608293426 9.90275095902406, 105.925646894119 9.90160235888233, 105.925757193804 9.90147785888809, 105.926217593743 9.90096695885886, 105.926341193651 9.90083825913153, 105.926919294205 9.90019515865284, 105.927138893334 9.89996255893123, 105.927316094097 9.89978165909316, 105.927498593773 9.89961925894729, 105.928018193605 9.89913175893967, 105.929172693429 9.8980824595132, 105.929958194246 9.89737675950832, 105.930496693861 9.89688885920553, 105.930821294228 9.89659085987697, 105.930851894336 9.89656275979721, 105.930942293878 9.89647975972357, 105.930954693749 9.89646815962397, 105.930956994243 9.89646595954597, 105.931382793785 9.89606655949878, 105.932066094114 9.89544535935082, 105.932477694041 9.89504855945809, 105.93282449391 9.89467905978553, 105.933268094387 9.89419246011784, 105.933632494046 9.89377015979327, 105.935602893952 9.89158695979311, 105.93686019396 9.89017806043116, 105.937639694196 9.88931516000877, 105.938801894268 9.8880265605025, 105.938903294516 9.88791406007136, 105.939020894342 9.88778366036419, 105.939414794781 9.88732146091039, 105.940381493967 9.88627306054489, 105.940398293962 9.88625486026617, 105.940679694863 9.88593196077921, 105.940856194491 9.88571096078092, 105.941229494166 9.88523556108356, 105.941640494569 9.8847044609179, 105.942448694572 9.88366676219894, 105.943467794745 9.88234446209312, 105.943798094721 9.88193236202978, 105.944189694329 9.88145146225199, 105.944342694517 9.88129096229539, 105.944627794279 9.88099206232829, 105.945054194241 9.88057526181973, 105.946603695016 9.8791102618387, 105.946952395136 9.87876676261312, 105.947068894781 9.87863056242654, 105.947194895222 9.87849896264785, 105.947365494629 9.87825916245557, 105.9477291948 9.87767606262826, 105.94787919488 9.87743836283881, 105.948168494846 9.87698016282365, 105.948190894595 9.87694806220226, 105.948212694543 9.87691676256576, 105.948735194859 9.87609176284903, 105.948787494748 9.87601756230261, 105.948838194535 9.87594346243519, 105.949262094653 9.87526396264911, 105.949803195409 9.87442306305404, 105.949897394983 9.87427456251892, 105.950140995329 9.87388586293452, 105.950390494652 9.8735650627838, 105.950620794906 9.87332416317734, 105.950744494734 9.87322376263918, 105.9508615949 9.87314546240673, 105.951132395003 9.87297316259346, 105.951443194928 9.87279596264629, 105.952346095513 9.8722912626613, 105.953244995484 9.87178886323008, 105.953618594881 9.87158596274251, 105.953942894825 9.87139746293383, 105.954369794966 9.87115086288748, 105.956077294878 9.87019146332274, 105.957007494858 9.86967786355575, 105.957386594932 9.86944136362966, 105.957650794693 9.86928046389175, 105.957673095161 9.8692646631379, 105.957819695137 9.86916086373355, 105.957862995476 9.86912966361164, 105.958108394794 9.86894046334088, 105.958331594908 9.86876396317331, 105.958639695371 9.86850776352633, 105.958650994949 9.86849976345716, 105.958671394748 9.86848366323544, 105.958899295043 9.86829176378787, 105.95912689557 9.86810086370789, 105.959997195165 9.86738926374013, 105.96044789551 9.867016564104, 105.960748295089 9.86675746355689, 105.961049594862 9.86649496367078, 105.961348295257 9.86623156382714, 105.961611294821 9.86601346433037, 105.96180279565 9.86584326403946, 105.961928995532 9.86572966441177, 105.962245294953 9.86542736418028, 105.962439295631 9.86522936424601, 105.962676795757 9.86498626438771, 105.963474095132 9.86418076447383, 105.964106095046 9.8635553642316, 105.964701195698 9.86296346426027, 105.965149994986 9.86247466463301, 105.96519459505 9.86242606477488, 105.965196995724 9.86242346469886, 105.965432795498 9.86212416423145, 105.96567369572 9.86180896404512, 105.966139395747 9.86118886491271, 105.966456795425 9.86076056486828, 105.966564395642 9.86061526487565, 105.966671995766 9.86046996485179, 105.967329395586 9.85960346420224, 105.967569295183 9.8592872650606, 105.968000695821 9.85872566453524, 105.968099595617 9.85859776508181, 105.968194395966 9.85847946449045, 105.96833599524 9.85832216463301, 105.968383195871 9.85826606433838, 105.968600195441 9.8580225650291, 105.96879629573 9.85781146466898, 105.969049595985 9.85756406471931, 105.969975396099 9.85665316502534, 105.970204095552 9.85642756451229, 105.97060269616 9.85603436500099, 105.970964795537 9.85568006527741, 105.971319695357 9.85532536475555, 105.971611496029 9.85503716483542, 105.971623995644 9.85502406499693, 105.9716364954 9.85501106552022, 105.972377096241 9.85427656528736, 105.972539595675 9.8541176649173, 105.972569396014 9.85408956513202, 105.972597795716 9.8540619655005, 105.973011695464 9.85366006555415, 105.973232596184 9.85344586564502, 105.974908896324 9.85177936533104, 105.975871895538 9.8508454659462, 105.976332295923 9.85036246538503, 105.97663659592 9.85004506548355, 105.97690169621 9.8497223653185, 105.977348996102 9.84916986613745, 105.978161895778 9.84814856556771, 105.978341296266 9.84792496555579, 105.979070896361 9.84699106634483, 105.979674396272 9.84623826640408, 105.979748396044 9.8461468659606, 105.979911396166 9.84594086635124, 105.980760796231 9.84478346663122, 105.981116796302 9.84430846581754, 105.981249296645 9.8441292660049, 105.981354296234 9.84398736596457, 105.982023596464 9.84310256614545, 105.983080896507 9.84166096664287, 105.983482196943 9.84111376633852, 105.983741396716 9.84076346646257, 105.983897196586 9.84055366706455, 105.984112796922 9.84026336643692, 105.984124196971 9.84024906701648, 105.984135796681 9.84023476640554, 105.984406396824 9.83987946688435, 105.984420596135 9.83986166703774, 105.984434996309 9.83984406672316, 105.985163096914 9.83889516662423, 105.985477896827 9.83848816693726, 105.985766596936 9.83812986663403, 105.985875196676 9.83799856690097, 105.985996096875 9.83785726657132, 105.98604629697 9.83780016692597, 105.986096496486 9.83775016677628, 105.986180396527 9.83767196699024, 105.986268196681 9.83759496682713, 105.986587796867 9.83733316724205, 105.986727197028 9.83723266669924, 105.986960196238 9.83707696677722, 105.988494396348 9.83604626746635, 105.990581197075 9.83464556749752, 105.992528396531 9.83332946782451, 105.993134396928 9.83292046777384, 105.994593096541 9.83193316818586, 105.995093096455 9.83160116739588, 105.995509196481 9.83132106755866, 105.995524296857 9.83131086817221, 105.995539397082 9.83130056751898, 105.996008497287 9.83098246792727, 105.996022596563 9.83097406836944, 105.996036696466 9.83096486772097, 105.996511297318 9.83064226842458, 105.996738096927 9.83049146818942, 105.99708069695 9.83026076763425, 105.997452896823 9.83000946797614, 105.997715096869 9.82978506768658, 105.997879496928 9.82961836838038, 105.997994196887 9.82946426843474, 106.000641596826 9.82564216820248, 106.00082059737 9.82538826836407, 106.001323397488 9.82467496822635, 106.001426797505 9.82452666880305, 106.001916697323 9.8238244684072, 106.00262239686 9.82280286872112, 106.003799997678 9.82109256907824, 106.004827297888 9.81962336885877, 106.004990797821 9.81938746942738, 106.005455897119 9.81873146888412, 106.005548197651 9.81859136937796, 106.00560519725 9.81850506871906, 106.005648497598 9.81844036907005, 106.005673897102 9.81840936898721, 106.0064642976 9.81725266939591, 106.006681697962 9.81693856894535, 106.006697797386 9.81691276898249, 106.006795297652 9.81678816960145, 106.006898498006 9.8166783691467, 106.007009897198 9.81656056901604, 106.007228898063 9.8163708696604, 106.007230797444 9.81636936952257, 106.007309398066 9.81631766932966, 106.007371197486 9.81628106939244, 106.0074280978 9.81624986921088, 106.007494797834 9.81621666970324, 106.007563297421 9.81618586894431, 106.007653997465 9.81614516958479, 106.007808297747 9.8160687698448, 106.008123297619 9.81592246963598, 106.008857597221 9.81560016912941, 106.00943079721 9.81535086914143, 106.009492297273 9.81532326932294, 106.009921897613 9.8151276692874, 106.010374797547 9.81493016925238, 106.010775697905 9.8147595699152, 106.010798797348 9.81474986959497, 106.010811297663 9.81474456953655, 106.01091609802 9.81468786971886, 106.011014897423 9.81463256952248, 106.011086297849 9.81458796979922, 106.01113319741 9.81455646945857, 106.01120309765 9.81450676978477, 106.011304697729 9.81442786934927, 106.011366697755 9.81437756944622, 106.011422697593 9.81432736990874, 106.0114795979 9.81427406953384, 106.011550197519 9.81420256937532, 106.011601497644 9.81414747001427, 106.011651197918 9.81408707014764, 106.011703497383 9.81401786975102, 106.011756297867 9.81394546966298, 106.011777597631 9.81391377010329, 106.01179979775 9.81388066953884, 106.011836897859 9.81381576967213, 106.011894198044 9.81371426952673, 106.011918697694 9.81367076941961, 106.011951997377 9.81359826946637, 106.011974097847 9.81355016988805, 106.012002297419 9.81348626989308, 106.012005297711 9.81347626984204, 106.012035797579 9.81338347023502, 106.012038797274 9.8133742694644, 106.012058798147 9.81330176970343, 106.012068097303 9.81326476997504, 106.012087397721 9.8131914701828, 106.012108097414 9.81310567003469, 106.012124597576 9.81300286983582, 106.012138897445 9.81289496986685, 106.012149497365 9.81277066945656, 106.012151897865 9.81267406960963, 106.012144797341 9.8125619695918, 106.012136797696 9.81246096952854, 106.012123797676 9.81236046978854, 106.01210969803 9.81227407031762, 106.012097698127 9.81221337030618, 106.011957098166 9.81161677019959, 106.011873397508 9.81132137010261, 106.011865398032 9.81129046976106, 106.01185719785 9.81125947026436, 106.011821697925 9.81115097008365, 106.011738298038 9.81084466979661, 106.011731497529 9.81082456967318, 106.0117256982 9.8107992700061, 106.011719597578 9.81077366970741, 106.0116390976 9.81047796992864, 106.011515197653 9.81000576977209, 106.011480898067 9.80970197034246, 106.011484298039 9.80967796963304, 106.011477298363 9.80956066957434, 106.011477598099 9.80949457029088, 106.011479598283 9.80943817011009, 106.011487097941 9.8093512696412, 106.011494198466 9.809296569729, 106.011508997643 9.80920566998375, 106.011550698018 9.80903066962017, 106.011593597793 9.80889117030454, 106.011679398487 9.80866586989494, 106.011730197841 9.80855466979279, 106.011851097828 9.80834347013556, 106.011911197886 9.8082593700074, 106.012044198331 9.80809506993869, 106.012136598385 9.80799017045621, 106.012197598465 9.80793067029182, 106.012294098485 9.80785046992424, 106.012380898269 9.80778406996095, 106.012497798488 9.80770527000201, 106.012696998277 9.80759247021242, 106.012836898094 9.80753316980554, 106.013091698508 9.80742697017579, 106.013346897831 9.80734137020325, 106.013862697807 9.80718587043852, 106.013879298502 9.80718077021653, 106.014710297683 9.80692677021307, 106.015080097866 9.8068123701271, 106.015085798088 9.80681057032289, 106.015429098408 9.80667837008667, 106.015718597923 9.80655477035621, 106.015767798365 9.80653017012302, 106.015817398017 9.80650317053263, 106.015864498369 9.80647697040023, 106.016033598045 9.80636787004947, 106.016086797827 9.80632807014029, 106.016152997881 9.80627407045716, 106.016249398208 9.80619107079591, 106.016289298041 9.80615447013806, 106.016333897955 9.80611307025903, 106.016539597747 9.80591717040927, 106.017480198131 9.8050179702062, 106.018181098314 9.80434727028732, 106.01931779848 9.80326817109746, 106.019500698445 9.80309447093676, 106.019711198694 9.80289277080484, 106.019842098727 9.80276737091037, 106.02104569818 9.80161427121752, 106.021477498462 9.80117037132844, 106.021722898495 9.80091807103931, 106.021909398472 9.80072627096285, 106.022370698144 9.80022937150786, 106.022830298105 9.79973767122195, 106.023939198062 9.79854067170621, 106.025017498394 9.79737667110465, 106.026715898441 9.79551937209199, 106.027120198679 9.79507207159077, 106.027896098255 9.7942295717922, 106.029600898712 9.79233447201548, 106.029744798901 9.79217457177156, 106.030353198355 9.79147197221841, 106.030363498853 9.79146097238144, 106.030373598807 9.7914499719532, 106.030837698911 9.79094897173651, 106.03136629916 9.79034057232603, 106.03137229884 9.79033357196542, 106.03177969917 9.7898779722211, 106.032076998802 9.78953507188707, 106.032210698608 9.78936287199696, 106.03226289891 9.78928567249506, 106.032307699321 9.78921027210834, 106.032363298518 9.78911117210008, 106.0324707986 9.78891237206854, 106.032630698922 9.78862417229574, 106.032711799159 9.78846307280384, 106.032877599174 9.78813347208551, 106.033016198911 9.78784947284275, 106.033061998877 9.78776717205137, 106.033578898774 9.78673967216787, 106.033787499047 9.78631487253773, 106.03392409936 9.78603667269099, 106.034146098955 9.78561387261534, 106.034327998763 9.7852757721766, 106.034446699379 9.7850364728887, 106.034602399352 9.7847669724422, 106.034671299236 9.78463077243958, 106.034768799187 9.78449717299856, 106.035105098845 9.78403077288003, 106.035350999431 9.78370447266095, 106.03536189903 9.78368987318374, 106.035469599124 9.78354467248117, 106.035871099178 9.78300377278434, 106.036568799551 9.78210887289274, 106.037113899182 9.78140967254135, 106.037757999048 9.780634073274, 106.038162299746 9.78011427345336, 106.038367899707 9.77984867351462, 106.038867599364 9.77918767279222, 106.038895899501 9.77915427345173, 106.038923499091 9.77911887340752, 106.039381699873 9.77851467296231, 106.039398799185 9.77849207346708, 106.039507999711 9.7783478728577, 106.040163199915 9.77748317306914, 106.040335600035 9.77724127311759, 106.040377599453 9.77718607338331, 106.040627399426 9.7768444732912, 106.040998299619 9.77633597310992, 106.040998399725 9.776335873493, 106.041027199396 9.77630107355817, 106.041174699644 9.77609377346931, 106.041725899887 9.77536687319918, 106.041786399852 9.77528857328485, 106.041896999297 9.77514547374201, 106.042063699955 9.7749299736314, 106.04246849938 9.77445787375047, 106.042856699728 9.77405757398855, 106.044183499538 9.77259287366631, 106.044972700268 9.77171217363016, 106.045680799491 9.77094887428632, 106.046115200302 9.77046347435542, 106.046417699961 9.77012867377404, 106.047562600254 9.7688950738532, 106.048122999784 9.76826587470604, 106.048440700358 9.76790617457718, 106.048712700298 9.76759907411636, 106.049968600051 9.76599997477989, 106.050579500034 9.76521527437609, 106.050937300183 9.76475837432477, 106.051354700645 9.76421687467141, 106.053631200519 9.76128297469714, 106.05425450079 9.76048847519142, 106.054903000176 9.75964047519403, 106.055324800642 9.75910017560703, 106.055702700099 9.75861337484262, 106.055781100455 9.75851247568503, 106.055815200255 9.75847177538188, 106.055931500639 9.75833317511344, 106.056268700264 9.75793137511822, 106.057091101034 9.75695797531244, 106.057325901064 9.75668257506346, 106.057492101089 9.75647827515422, 106.057737800652 9.75619357562493, 106.057860400801 9.75605357566698, 106.058147800843 9.75572067559698, 106.05827400038 9.7555644752147, 106.0584329008 9.75536757564025, 106.058661401079 9.75505697602422, 106.05876620087 9.75491167583561, 106.058990201066 9.75456247580516, 106.059091500471 9.7544061758436, 106.059391400773 9.75394017567054, 106.059589700414 9.75364127605935, 106.059637500886 9.75356927534675, 106.059784700686 9.75333717561652, 106.059920100518 9.7531235762239, 106.060171100853 9.75272677601384, 106.060224801233 9.75264187584273, 106.060268100914 9.75257437611923, 106.060365601032 9.75242237592102, 106.060702800504 9.75189677636192, 106.061276301138 9.75097417644849, 106.061955201354 9.74992727636251, 106.062832101316 9.74851667596585, 106.063156801282 9.74799447646608, 106.06403390087 9.74656097612557, 106.064347501583 9.74607737625528, 106.064729801276 9.74545387675766, 106.065505901136 9.74418827621645, 106.065513401518 9.74417597626798, 106.066288501429 9.74292667691181, 106.066422501802 9.74269817705203, 106.066937601493 9.74187527693114, 106.067180701916 9.74147637684342, 106.067426001234 9.74105547657841, 106.068134701437 9.73993217719412, 106.068475301973 9.73934947669472, 106.068708402076 9.73903917724826, 106.068858201685 9.73876077685241, 106.069433801566 9.73761287683543, 106.069577601791 9.73731767696421, 106.069624401658 9.73721927707846, 106.069830302166 9.73682307755795, 106.070065601492 9.7363296770235, 106.070096001599 9.73626907748982, 106.070170601989 9.73610097746874, 106.070228202038 9.73595337687464, 106.070275302299 9.73581307770763, 106.070377901788 9.73552847708607, 106.070441701609 9.73532537699679, 106.070473301631 9.73519267692936, 106.070492201597 9.73511387687889, 106.070506101508 9.73503877776353, 106.070515601469 9.73496707749644, 106.070517401689 9.73485497691985, 106.070512102391 9.73477687732857, 106.070507701523 9.73472227712361, 106.070500102099 9.73466257738251, 106.070484202013 9.73455637707184, 106.070473601899 9.73450397709229, 106.070465001906 9.73447657737092, 106.070419902179 9.73435197737524, 106.07025190221 9.73432897764697, 106.069985101911 9.73428927746495, 106.069701802217 9.7342767772727, 106.069462701972 9.73426977728954, 106.069189702043 9.73427397739171, 106.069091602427 9.73427547721207, 106.068993401814 9.73427707753417, 106.068692801695 9.73428167674599, 106.068051601735 9.73427407744036, 106.067178402366 9.7342795774681, 106.066759302369 9.73428067735304, 106.066295201866 9.73427847701899, 106.065844302137 9.73427307696822, 106.06547370205 9.7342740768361, 106.065055102347 9.73428767651631, 106.064467402595 9.73426837707337, 106.064054202645 9.73422537707062, 106.063820802288 9.73418037635722, 106.063762401799 9.73416637691348, 106.063729502311 9.73415347641932, 106.063699402517 9.73413397636142, 106.0636629019 9.73409867673046, 106.063371202372 9.73410057663495, 106.063205102512 9.73409137678914, 106.062819002623 9.73396847700769, 106.062664202461 9.73391577632981, 106.06253000258 9.73386517637242, 106.062434501903 9.73382397647631, 106.062294802105 9.73376157624823, 106.062132802653 9.73367707702124, 106.061982302198 9.73359027669365, 106.061548002429 9.73336007668748, 106.06096270277 9.73305227683867, 106.060763802081 9.73296157621267, 106.060552302384 9.73286707696799, 106.060448002415 9.73282517663858, 106.06035780289 9.73279487702734, 106.060215802923 9.73275017680012, 106.059948502296 9.73262337623213, 106.059449602699 9.73251757690777, 106.058942402353 9.73242217650876)'));

-- ----------------------------
-- Table structure for tuyen_tram
-- ----------------------------
DROP TABLE IF EXISTS `tuyen_tram`;
CREATE TABLE `tuyen_tram`  (
  `MaTuyen` varchar(10) CHARACTER SET utf8mb4 COLLATE utf8mb4_general_ci NULL DEFAULT NULL,
  `MaTram` varchar(10) CHARACTER SET utf8mb4 COLLATE utf8mb4_general_ci NULL DEFAULT NULL,
  `STT` int NULL DEFAULT NULL,
  `KhoangCachDenTramTiepTheo` float NULL DEFAULT NULL,
  `Chieu` smallint NULL DEFAULT NULL COMMENT '// 0 1',
  `CreatedAt` datetime NULL DEFAULT current_timestamp
) ENGINE = InnoDB CHARACTER SET = utf8mb4 COLLATE = utf8mb4_general_ci ROW_FORMAT = DYNAMIC;

-- ----------------------------
-- Records of tuyen_tram
-- ----------------------------
INSERT INTO `tuyen_tram` VALUES ('11', '11_001', 1, NULL, 1, '2025-12-05 16:32:09');
INSERT INTO `tuyen_tram` VALUES ('11', '11_002', 1, 2334.67, 0, '2025-12-05 16:32:09');
INSERT INTO `tuyen_tram` VALUES ('11', '11_003', 2, 1294.78, 0, '2025-12-05 16:32:09');
INSERT INTO `tuyen_tram` VALUES ('11', '11_004', 3, 195.269, 0, '2025-12-05 16:32:09');
INSERT INTO `tuyen_tram` VALUES ('11', '11_005', 4, 304.465, 0, '2025-12-05 16:32:09');
INSERT INTO `tuyen_tram` VALUES ('11', '11_006', 5, 439.396, 0, '2025-12-05 16:32:09');
INSERT INTO `tuyen_tram` VALUES ('11', '11_007', 6, 188.729, 0, '2025-12-05 16:32:09');
INSERT INTO `tuyen_tram` VALUES ('11', '11_008', 7, 278.816, 0, '2025-12-05 16:32:09');
INSERT INTO `tuyen_tram` VALUES ('11', '11_009', 8, 27.1023, 0, '2025-12-05 16:32:09');
INSERT INTO `tuyen_tram` VALUES ('11', '11_010', 9, 295.485, 0, '2025-12-05 16:32:09');
INSERT INTO `tuyen_tram` VALUES ('11', '11_011', 10, 188.73, 0, '2025-12-05 16:32:09');
INSERT INTO `tuyen_tram` VALUES ('11', '11_012', 11, 192.399, 0, '2025-12-05 16:32:09');
INSERT INTO `tuyen_tram` VALUES ('11', '11_013', 12, 109.132, 0, '2025-12-05 16:32:09');
INSERT INTO `tuyen_tram` VALUES ('11', '11_014', 13, 187.128, 0, '2025-12-05 16:32:09');
INSERT INTO `tuyen_tram` VALUES ('11', '11_015', 14, 181.967, 0, '2025-12-05 16:32:09');
INSERT INTO `tuyen_tram` VALUES ('11', '11_016', 15, 326.405, 0, '2025-12-05 16:32:09');
INSERT INTO `tuyen_tram` VALUES ('11', '11_017', 16, 360.778, 0, '2025-12-05 16:32:09');
INSERT INTO `tuyen_tram` VALUES ('11', '11_018', 17, 185.199, 0, '2025-12-05 16:32:09');
INSERT INTO `tuyen_tram` VALUES ('11', '11_019', 18, 80.283, 0, '2025-12-05 16:32:09');
INSERT INTO `tuyen_tram` VALUES ('11', '11_001', 19, NULL, 0, '2025-12-05 16:32:09');
INSERT INTO `tuyen_tram` VALUES ('07', '07_002', 1, NULL, 0, '2025-12-08 09:13:01');
INSERT INTO `tuyen_tram` VALUES ('07', '07_001', 1, NULL, 1, '2025-12-08 09:13:01');

-- ----------------------------
-- Table structure for xa_phuong
-- ----------------------------
DROP TABLE IF EXISTS `xa_phuong`;
CREATE TABLE `xa_phuong`  (
  `MaXa` varchar(10) CHARACTER SET utf8mb4 COLLATE utf8mb4_general_ci NOT NULL,
  `MaTP` varchar(10) CHARACTER SET utf8mb4 COLLATE utf8mb4_general_ci NULL DEFAULT NULL,
  `TenXa` varchar(50) CHARACTER SET utf8mb4 COLLATE utf8mb4_general_ci NULL DEFAULT NULL,
  PRIMARY KEY (`MaXa`) USING BTREE
) ENGINE = InnoDB CHARACTER SET = utf8mb4 COLLATE = utf8mb4_general_ci ROW_FORMAT = DYNAMIC;

-- ----------------------------
-- Records of xa_phuong
-- ----------------------------
INSERT INTO `xa_phuong` VALUES ('31120', '92', 'Phường Cái Khế');
INSERT INTO `xa_phuong` VALUES ('31135', '92', 'Phường Ninh Kiều');
INSERT INTO `xa_phuong` VALUES ('31147', '92', 'Phường Tân An');
INSERT INTO `xa_phuong` VALUES ('31150', '92', 'Phường An Bình');
INSERT INTO `xa_phuong` VALUES ('31153', '92', 'Phường Ô Môn');
INSERT INTO `xa_phuong` VALUES ('31157', '92', 'Phường Thới Long');
INSERT INTO `xa_phuong` VALUES ('31162', '92', 'Phường Phước Thới');
INSERT INTO `xa_phuong` VALUES ('31168', '92', 'Phường Bình Thủy');
INSERT INTO `xa_phuong` VALUES ('31174', '92', 'Phường Thới An Đông');
INSERT INTO `xa_phuong` VALUES ('31183', '92', 'Phường Long Tuyền');
INSERT INTO `xa_phuong` VALUES ('31186', '92', 'Phường Cái Răng');
INSERT INTO `xa_phuong` VALUES ('31201', '92', 'Phường Hưng Phú');
INSERT INTO `xa_phuong` VALUES ('31207', '92', 'Phường Thốt Nốt');
INSERT INTO `xa_phuong` VALUES ('31213', '92', 'Phường Tân Lộc');
INSERT INTO `xa_phuong` VALUES ('31217', '92', 'Phường Trung Nhứt');
INSERT INTO `xa_phuong` VALUES ('31228', '92', 'Phường Thuận Hưng');
INSERT INTO `xa_phuong` VALUES ('31231', '92', 'Xã Thạnh An');
INSERT INTO `xa_phuong` VALUES ('31232', '92', 'Xã Vĩnh Thạnh');
INSERT INTO `xa_phuong` VALUES ('31237', '92', 'Xã Vĩnh Trinh');
INSERT INTO `xa_phuong` VALUES ('31246', '92', 'Xã Thạnh Quới');
INSERT INTO `xa_phuong` VALUES ('31249', '92', 'Xã Thạnh Phú');
INSERT INTO `xa_phuong` VALUES ('31255', '92', 'Xã Trung Hưng');
INSERT INTO `xa_phuong` VALUES ('31258', '92', 'Xã Thới Lai');
INSERT INTO `xa_phuong` VALUES ('31261', '92', 'Xã Cờ Đỏ');
INSERT INTO `xa_phuong` VALUES ('31264', '92', 'Xã Thới Hưng');
INSERT INTO `xa_phuong` VALUES ('31273', '92', 'Xã Đông Hiệp');
INSERT INTO `xa_phuong` VALUES ('31282', '92', 'Xã Đông Thuận');
INSERT INTO `xa_phuong` VALUES ('31288', '92', 'Xã Trường Thành');
INSERT INTO `xa_phuong` VALUES ('31294', '92', 'Xã Trường Xuân');
INSERT INTO `xa_phuong` VALUES ('31299', '92', 'Xã Phong Điền');
INSERT INTO `xa_phuong` VALUES ('31309', '92', 'Xã Trường Long');
INSERT INTO `xa_phuong` VALUES ('31315', '92', 'Xã Nhơn Ái');
INSERT INTO `xa_phuong` VALUES ('31321', '92', 'Phường Vị Thanh');
INSERT INTO `xa_phuong` VALUES ('31333', '92', 'Phường Vị Tân');
INSERT INTO `xa_phuong` VALUES ('31338', '92', 'Xã Hỏa Lựu');
INSERT INTO `xa_phuong` VALUES ('31340', '92', 'Phường Ngã Bảy');
INSERT INTO `xa_phuong` VALUES ('31342', '92', 'Xã Tân Hòa');
INSERT INTO `xa_phuong` VALUES ('31348', '92', 'Xã Trường Long Tây');
INSERT INTO `xa_phuong` VALUES ('31360', '92', 'Xã Thạnh Xuân');
INSERT INTO `xa_phuong` VALUES ('31366', '92', 'Xã Châu Thành');
INSERT INTO `xa_phuong` VALUES ('31369', '92', 'Xã Đông Phước');
INSERT INTO `xa_phuong` VALUES ('31378', '92', 'Xã Phú Hữu');
INSERT INTO `xa_phuong` VALUES ('31393', '92', 'Xã Hòa An');
INSERT INTO `xa_phuong` VALUES ('31396', '92', 'Xã Hiệp Hưng');
INSERT INTO `xa_phuong` VALUES ('31399', '92', 'Xã Tân Bình');
INSERT INTO `xa_phuong` VALUES ('31408', '92', 'Xã Thạnh Hòa');
INSERT INTO `xa_phuong` VALUES ('31411', '92', 'Phường Đại Thành');
INSERT INTO `xa_phuong` VALUES ('31420', '92', 'Xã Phụng Hiệp');
INSERT INTO `xa_phuong` VALUES ('31426', '92', 'Xã Phương Bình');
INSERT INTO `xa_phuong` VALUES ('31432', '92', 'Xã Tân Phước Hưng');
INSERT INTO `xa_phuong` VALUES ('31441', '92', 'Xã Vị Thủy');
INSERT INTO `xa_phuong` VALUES ('31453', '92', 'Xã Vĩnh Thuận Đông');
INSERT INTO `xa_phuong` VALUES ('31459', '92', 'Xã Vĩnh Tường');
INSERT INTO `xa_phuong` VALUES ('31465', '92', 'Xã Vị Thanh 1');
INSERT INTO `xa_phuong` VALUES ('31471', '92', 'Phường Long Mỹ');
INSERT INTO `xa_phuong` VALUES ('31473', '92', 'Phường Long Bình');
INSERT INTO `xa_phuong` VALUES ('31480', '92', 'Phường Long Phú 1');
INSERT INTO `xa_phuong` VALUES ('31489', '92', 'Xã Vĩnh Viễn');
INSERT INTO `xa_phuong` VALUES ('31492', '92', 'Xã Lương Tâm');
INSERT INTO `xa_phuong` VALUES ('31495', '92', 'Xã Xà Phiên');
INSERT INTO `xa_phuong` VALUES ('31507', '92', 'Phường Sóc Trăng');
INSERT INTO `xa_phuong` VALUES ('31510', '92', 'Phường Phú Lợi');
INSERT INTO `xa_phuong` VALUES ('31528', '92', 'Xã Kế Sách');
INSERT INTO `xa_phuong` VALUES ('31531', '92', 'Xã An Lạc Thôn');
INSERT INTO `xa_phuong` VALUES ('31537', '92', 'Xã Phong Nẫm');
INSERT INTO `xa_phuong` VALUES ('31540', '92', 'Xã Thới An Hội');
INSERT INTO `xa_phuong` VALUES ('31552', '92', 'Xã Nhơn Mỹ');
INSERT INTO `xa_phuong` VALUES ('31561', '92', 'Xã Đại Hải');
INSERT INTO `xa_phuong` VALUES ('31567', '92', 'Xã Mỹ Tú');
INSERT INTO `xa_phuong` VALUES ('31569', '92', 'Xã Phú Tâm');
INSERT INTO `xa_phuong` VALUES ('31570', '92', 'Xã Hồ Đắc Kiện');
INSERT INTO `xa_phuong` VALUES ('31579', '92', 'Xã Long Hưng');
INSERT INTO `xa_phuong` VALUES ('31582', '92', 'Xã Thuận Hòa');
INSERT INTO `xa_phuong` VALUES ('31591', '92', 'Xã Mỹ Hương');
INSERT INTO `xa_phuong` VALUES ('31594', '92', 'Xã An Ninh');
INSERT INTO `xa_phuong` VALUES ('31603', '92', 'Xã Mỹ Phước');
INSERT INTO `xa_phuong` VALUES ('31615', '92', 'Xã An Thạnh');
INSERT INTO `xa_phuong` VALUES ('31633', '92', 'Xã Cù Lao Dung');
INSERT INTO `xa_phuong` VALUES ('31639', '92', 'Xã Long Phú');
INSERT INTO `xa_phuong` VALUES ('31645', '92', 'Xã Đại Ngãi');
INSERT INTO `xa_phuong` VALUES ('31654', '92', 'Xã Trường Khánh');
INSERT INTO `xa_phuong` VALUES ('31666', '92', 'Xã Tân Thạnh');
INSERT INTO `xa_phuong` VALUES ('31673', '92', 'Xã Trần Đề');
INSERT INTO `xa_phuong` VALUES ('31675', '92', 'Xã Liêu Tú');
INSERT INTO `xa_phuong` VALUES ('31679', '92', 'Xã Lịch Hội Thượng');
INSERT INTO `xa_phuong` VALUES ('31684', '92', 'Phường Mỹ Xuyên');
INSERT INTO `xa_phuong` VALUES ('31687', '92', 'Xã Tài Văn');
INSERT INTO `xa_phuong` VALUES ('31699', '92', 'Xã Thạnh Thới An');
INSERT INTO `xa_phuong` VALUES ('31708', '92', 'Xã Nhu Gia');
INSERT INTO `xa_phuong` VALUES ('31717', '92', 'Xã Hòa Tú');
INSERT INTO `xa_phuong` VALUES ('31723', '92', 'Xã Ngọc Tố');
INSERT INTO `xa_phuong` VALUES ('31726', '92', 'Xã Gia Hòa');
INSERT INTO `xa_phuong` VALUES ('31732', '92', 'Phường Ngã Năm');
INSERT INTO `xa_phuong` VALUES ('31741', '92', 'Xã Tân Long');
INSERT INTO `xa_phuong` VALUES ('31753', '92', 'Phường Mỹ Quới');
INSERT INTO `xa_phuong` VALUES ('31756', '92', 'Xã Phú Lộc');
INSERT INTO `xa_phuong` VALUES ('31759', '92', 'Xã Lâm Tân');
INSERT INTO `xa_phuong` VALUES ('31777', '92', 'Xã Vĩnh Lợi');
INSERT INTO `xa_phuong` VALUES ('31783', '92', 'Phường Vĩnh Châu');
INSERT INTO `xa_phuong` VALUES ('31789', '92', 'Phường Khánh Hòa');
INSERT INTO `xa_phuong` VALUES ('31795', '92', 'Xã Vĩnh Hải');
INSERT INTO `xa_phuong` VALUES ('31804', '92', 'Phường Vĩnh Phước');
INSERT INTO `xa_phuong` VALUES ('31810', '92', 'Xã Lai Hòa');

SET FOREIGN_KEY_CHECKS = 1;
